	trialid	sentnum	ianum	ia	freq	surp	ent
0	1	1	0	Muinaisen	2.63e-06	22.845719083922987	20.077584266662598
1	1	1	1	roomalaisen	1.32e-06	10.456106928687138	11.634165525436401
2	1	1	2	mytologian	7.41e-07	8.861345785570803	13.059909045696259
3	1	1	3	mukaan	0.00158	1.1748404068189346	5.868680953979492
4	1	1	4	Janus	2.09e-06	12.83006339755465	14.345662593841553
5	1	1	5	oli	0.00646	1.7993637138303835	6.631436347961426
6	1	1	6	alkujen	1.58e-07	19.893518760061454	12.643468379974365
7	1	1	7	ja	0.0363	6.791022240139132	6.574037075042725
8	1	1	8	porttien	1.91e-06	14.665186175082873	9.514103293418884
9	1	1	9	jumala.	6.17e-05	3.970411790442519	10.87294590473175
10	2	1	0	Hän	0.00427	12.955559352267397	10.345442771911621
11	2	1	1	oli	0.00646	5.388585538235173	8.490653991699219
12	2	1	2	kaksoisluonteinen	0.0	28.184036964399002	23.297504782676697
13	2	1	3	ja	0.0363	1.9375203239305068	3.8834288120269775
14	2	1	4	hänet	0.000457	9.748898465392447	8.788782119750977
15	2	1	5	kuvattiin	1.17e-05	3.8245261308841063	7.786317825317383
16	2	1	6	usein	0.000537	0.7313236567611616	4.478651523590088
17	2	1	7	kaksin	8.91e-06	13.999993998761532	11.353029727935791
18	2	1	8	kasvoin,	2.09e-06	17.1791613756965	11.33544909954071
19	2	1	9	toinen	0.000589	12.455057846388355	6.689659595489502
20	2	1	10	katsoen	9.55e-06	15.829951113844597	12.288400650024414
21	2	1	11	tulevaisuuteen	2.63e-05	18.666348356951943	14.30488383769989
22	2	1	12	ja	0.0363	1.7569326746874736	4.068839073181152
23	2	1	13	toinen	0.000589	0.11434058049703219	0.7763829827308655
24	2	1	14	menneisyyteen.	4.68e-06	11.098282389789022	15.932383394334465
25	3	1	0	Janus	2.09e-06	7.632907509146061	9.583303451538086
26	3	1	1	hallitsi	1.1e-05	22.829200001557755	18.964223861694336
27	3	1	2	konfliktien	2.19e-06	20.848572737577037	11.845821142196655
28	3	1	3	alkua	3.63e-05	9.338685824047662	9.845139861106873
29	3	1	4	ja	0.0363	2.8374686811559506	7.585631370544434
30	3	1	5	loppua,	3.98e-05	14.91297319085027	18.799795150756836
31	3	1	6	ja	0.0363	2.6792455792432484	6.597685813903809
32	3	1	7	sen	0.00372	4.959688871621226	8.593589782714844
33	3	1	8	myötä	0.000191	4.713126430745932	6.999453544616699
34	3	1	9	sotaa	3.63e-05	15.115400125365934	10.801219940185547
35	3	1	10	ja	0.0363	4.483212032886669	7.49376106262207
36	3	1	11	rauhaa.	1.74e-05	8.77483608530765	17.657560780644417
37	4	1	0	Sotien	9.12e-06	19.559534718825077	20.386958122253418
38	4	1	1	aikana	0.000794	10.076449446771928	11.187989234924316
39	4	1	2	hänen	0.00145	8.13176362525078	10.076882362365723
40	4	1	3	temppelinsä	1.05e-07	15.240896207828964	11.663742780685425
41	4	1	4	ovet	3.47e-05	16.194263151960328	10.240354776382446
42	4	1	5	olivat	0.000692	4.015306362605922	5.995161533355713
43	4	1	6	auki	0.000148	3.649841676934328	7.775899708271027
44	4	1	7	ja	0.0363	2.4960241152238307	5.065558910369873
45	4	1	8	rauhan	3.02e-05	12.741839589863716	13.45529556274414
46	4	1	9	aikana	0.000794	4.043883289659181	8.006196975708008
47	4	1	10	kiinni.	0.000427	15.716598883087482	22.379403352737427
48	5	1	0	Porttien	1.91e-06	23.361732140757475	7.324125289916992
49	5	1	1	jumalana	7.59e-07	24.519226555166206	18.573142528533936
50	5	1	2	hänen	0.00145	8.701973661926301	7.022385597229004
51	5	1	3	ajateltiin	5.75e-06	13.844396203272265	11.472651541233063
52	5	1	4	myös	0.00447	7.276077986156853	6.404298782348633
53	5	1	5	kulkevan	6.61e-06	15.084207289848914	14.694651365280151
54	5	1	6	kotien	2.51e-06	17.58757450111844	14.94461727142334
55	5	1	7	ovista	4.37e-06	14.460266949417473	9.594282627105713
56	5	1	8	sisään	0.000174	5.187087717747921	8.251081943511963
57	5	1	9	ja	0.0363	2.4901080767435255	4.955523490905762
58	5	1	10	ulos.	0.00024	5.309448362027863	13.930025815963745
59	6	1	0	Yleisesti	7.94e-05	17.54143237820009	15.936335563659668
60	6	1	1	Janus	2.09e-06	22.337662463376503	10.57221269607544
61	6	1	2	symboloi	2.82e-06	15.45214099201308	11.119971126317978
62	6	1	3	muutosta	4.79e-05	12.903899464637016	13.465579271316528
63	6	1	4	ja	0.0363	2.2646499519689733	4.675203800201416
64	6	1	5	siirtymää,	8.71e-07	16.030347222464012	14.428792625665665
65	6	1	6	kuten	0.000933	7.0679976053754885	6.878842830657959
66	6	1	7	kehitystä	4.07e-05	10.15070153718374	13.469839692115784
67	6	1	8	tilasta	1.45e-05	17.463126466864964	4.329721570014954
68	6	1	9	toiseen,	0.000141	8.768086497216133	7.489160448312759
69	6	1	10	visiosta	2.24e-07	22.387817471810955	9.943785190582275
70	6	1	11	toiseen,	0.000141	4.226319240606559	11.088691473007202
71	6	1	12	sekä	0.00162	5.628463948948392	8.817590713500977
72	6	1	13	nuoren	4.47e-05	14.98830848237531	11.925830125808716
73	6	1	14	kasvamista	1.55e-06	15.771352888655457	10.277138948440552
74	6	1	15	aikuiseksi.	5.13e-06	7.884213889376472	12.064115792512894
75	7	1	0	Janusta	1.62e-08	13.689765003452234	9.583303451538086
76	7	1	1	siis	0.00105	17.11201388023217	22.235546112060547
77	7	1	2	palvottiin	2.75e-07	20.229664249716272	20.687706232070923
78	7	1	3	sadonkorjuun	1.05e-06	18.535358569891923	21.9112606048584
79	7	1	4	ja	0.0363	5.595510525808526	6.729548454284668
80	7	1	5	istutuksen	1.86e-07	13.546686913486859	17.169231176376343
81	7	1	6	alussa,	0.000219	13.115519231045635	12.541736125946045
82	7	1	7	sekä	0.00162	6.427018001528937	6.7451982498168945
83	7	1	8	avioliiton,	2.04e-05	19.95091835882861	19.785768747329712
84	7	1	9	kuoleman	5.37e-05	6.7134667572158335	8.573114454746246
85	7	1	10	ja	0.0363	0.4950307265331705	2.0212669372558594
86	7	1	11	muiden	0.000309	8.47435255002613	7.718820571899414
87	7	1	12	siirtymien	7.08e-08	17.699200359276084	13.09590208530426
88	7	1	13	alussa.	0.000219	7.988571533189427	8.299503803253174
89	8	1	0	Janukselle	1.55e-08	27.539143058136865	20.517183303833008
90	8	1	1	ei	0.0145	6.27234996644591	9.131248474121094
91	8	1	2	ollut	0.00204	3.6797350412985996	6.401415824890137
92	8	1	3	nimitetty	6.03e-06	16.959151057790102	13.209997177124023
93	8	1	4	tiettyä	1.48e-05	13.43747649265768	15.781031608581543
94	8	1	5	pappia,	2.34e-06	13.204102184182862	21.431032180786133
95	8	1	6	mutta	0.00575	2.371102740530397	3.8741908073425293
96	8	1	7	itse	0.00102	10.639323545255264	7.524956703186035
97	8	1	8	ylipappi	5.13e-07	15.513567788503078	15.494673669338226
98	8	1	9	toimitti	8.32e-06	8.745879730697155	9.886965990066528
99	8	1	10	hänen	0.00145	5.4205824285247886	9.012825012207031
100	8	1	11	seremoniansa.	2.45e-08	20.548538934399193	17.663163781166077
101	9	1	0	Janus	2.09e-06	7.632907509146061	9.583303451538086
102	9	1	1	edusti	1.32e-05	20.48294628813108	10.746214866638184
103	9	1	2	välimaastoa	8.32e-08	25.957611431731323	19.581834316253662
104	9	1	3	barbarismin	5.62e-08	27.12796214508304	16.178528785705566
105	9	1	4	ja	0.0363	2.43811589744351	7.203169345855713
106	9	1	5	sivilisaation,	2.57e-06	18.033953117836344	24.530198127031326
107	9	1	6	maaseudun	3.16e-05	10.802186262695734	14.896679282188416
108	9	1	7	ja	0.0363	0.47268730125831804	2.6947021484375
109	9	1	8	kaupungin	0.000229	7.2165019325120765	7.454051971435547
110	9	1	9	sekä	0.00162	5.482379986044192	6.490232467651367
111	9	1	10	nuoruuden	8.32e-06	12.134794141042992	11.047142505645752
112	9	1	11	ja	0.0363	0.5838776981430891	3.714960813522339
113	9	1	12	aikuisuuden	8.32e-07	3.9185577133649634	7.133578278124332
114	9	1	13	välillä.	0.000479	3.7519160802491847	9.167327046394348
115	10	1	0	Muinaisilla	1.78e-07	26.857770338143762	29.001566886901855
116	10	1	1	kreikkalaisilla	1.91e-07	12.506035872812218	10.482181251049042
117	10	1	2	ei	0.0145	7.829492821000468	7.660729885101318
118	10	1	3	ollut	0.00204	1.1651677088610808	3.332876682281494
119	10	1	4	vastinetta	6.46e-06	13.93336770866708	12.726006746292114
120	10	1	5	Janukselle,	1.55e-08	23.59273816058591	19.56020438671112
121	10	1	6	jonka	0.000955	5.46913458715671	4.6777119636535645
122	10	1	7	roomalaiset	4.07e-06	9.551032463311788	10.602237701416016
123	10	1	8	väittivät	3.31e-06	9.002282162197872	12.2753666639328
124	10	1	9	olevan	0.000525	3.7022713669774423	7.864588260650635
125	10	1	10	selkeästi	5.5e-05	14.617516572076918	14.223738934844732
126	10	1	11	heidän	0.000501	6.8361441346695	9.225377082824707
127	10	1	12	omansa.	9.55e-06	15.5868789082357	13.816619157791138
128	1	2	0	Shaka-	1.7e-07	18.625740129844363	16.13433074951172
129	1	2	1	merkin	2.04e-05	25.74885221074385	18.193471908569336
130	1	2	2	merkitys	7.08e-05	12.2169462649953	14.957489013671875
131	1	2	3	liittyy	0.00011	9.922708884003887	7.829820886254311
132	1	2	4	ystävällisyyteen.	1.41e-07	21.0607624500583	24.84692880511284
133	2	2	0	Symbolinen	2.69e-06	12.951550479249704	13.551703929901123
134	2	2	1	ele	6.17e-06	15.376606187849172	9.977304458618164
135	2	2	2	on	0.0316	8.687282780611415	9.865788459777832
136	2	2	3	luultavasti	8.13e-05	11.247645933430743	13.875292181968689
137	2	2	4	alun	7.59e-05	6.0759775815942945	8.433857917785645
138	2	2	5	perin	4.79e-05	0.056939012143021134	0.29260677099227905
139	2	2	6	kehitetty	1.82e-05	6.467275197890691	10.754821062088013
140	2	2	7	Havaijilla,	2.34e-06	22.18072699850244	28.558295249938965
141	2	2	8	josta	0.000302	6.159949170432738	5.628643989562988
142	2	2	9	se	0.00776	1.8889807328168275	6.573116302490234
143	2	2	10	lähti	0.000174	8.711817298099334	5.733891785144806
144	2	2	11	leviämään	4.57e-06	8.05637168431901	11.229861944913864
145	2	2	12	kansainvälisempään	0.0	21.54971597348765	13.997941851615906
146	2	2	13	käyttöön	0.000195	1.8910597341443882	4.589016437530518
147	2	2	14	1960-	1.53e-05	9.854095641395821	5.354429632425308
148	2	2	15	luvulla	0.000174	10.89812859133228	4.016909912228584
149	2	2	16	alueella	0.0002	14.228909352386575	2.184351921081543
150	2	2	17	vierailleiden	2.04e-07	16.60910779491455	10.134668588638306
151	2	2	18	surffaajien	6.92e-08	14.32751689895658	13.344124257564545
152	2	2	19	myötä.	0.000191	5.825145567487959	7.388261795043945
153	3	2	0	Siitä	0.00191	16.26944289869955	9.746264457702637
154	3	2	1	on	0.0316	4.527386125833106	7.2891998291015625
155	3	2	2	tullut	0.000407	3.847396594916433	7.856695279479027
156	3	2	3	niin	0.00479	5.683665705211123	8.944419860839844
157	3	2	4	suosittu,	4.07e-05	8.130134865310591	15.434231638908386
158	3	2	5	että	0.00977	0.15008393578310003	0.877338707447052
159	3	2	6	nyt	0.00372	5.633977471110569	8.811737060546875
160	3	2	7	sen	0.00372	4.944277025146415	8.085084915161133
161	3	2	8	merkitys	7.08e-05	12.120830859216023	12.478897094726562
162	3	2	9	tunnetaan	5.13e-05	12.492660584644545	4.61212158203125
163	3	2	10	ympäri	0.000148	5.4417356368606535	6.365322743542492
164	3	2	11	maailman	0.000398	2.0004676106098547	1.894087314605713
165	3	2	12	tämän	0.0011	14.808058846767686	2.9546217918395996
166	3	2	13	lajin	3.39e-05	7.451227164259304	11.393541097640991
167	3	2	14	harrastajien	3.24e-06	6.296067551625708	10.483274221420288
168	3	2	15	kesken.	0.000162	6.721701394833142	6.810154914855957
169	4	2	0	Shaka-	1.7e-07	18.625740129844363	16.13433074951172
170	4	2	1	merkkiä	1.55e-05	29.258756729678154	18.193471908569336
171	4	2	2	näytettäessä	2.34e-08	15.7535395065562	11.851898431777954
172	4	2	3	nostetaan	2.19e-05	12.790673759172709	11.829397201538086
173	4	2	4	peukalo	2.51e-06	16.064952939690183	16.113575220108032
174	4	2	5	ja	0.0363	5.193481450841177	8.182300567626953
175	4	2	6	pikkurilli	3.24e-07	24.54821055874227	21.12372636795044
176	4	2	7	ylös	9.55e-05	6.846755635370254	9.787344574928284
177	4	2	8	ja	0.0363	3.9696460574364822	5.736358642578125
178	4	2	9	kierretään	2.88e-06	15.256722168893068	10.280238419771194
179	4	2	10	kolme	0.000562	10.100191438856532	8.629727363586426
180	4	2	11	keskimmäistä	4.68e-07	12.128865571099418	10.697572708129883
181	4	2	12	sormea	3.39e-06	12.597310309493006	12.68349701166153
182	4	2	13	alaspäin	2.45e-05	8.237141213633862	7.502624189481139
183	4	2	14	samalla	0.00049	7.313590736710799	4.833223819732666
184	4	2	15	heiluttaen	3.55e-07	16.27297133081426	14.641219034790993
185	4	2	16	kättä	1.7e-05	10.09640544072526	12.24280858039856
186	4	2	17	kuin	0.00355	9.871092209542565	6.149011135101318
187	4	2	18	tervehtiäkseen.	8.13e-08	30.43487853915426	32.86735761165619
188	5	2	0	Liikettä	2.29e-05	16.61844599747208	15.1425199508667
189	5	2	1	voi	0.00389	5.922909338463892	8.549577713012695
190	5	2	2	vielä	0.002	8.527393686231116	7.36934232711792
191	5	2	3	korostaa	2.95e-05	11.131409956563953	10.031207472085953
192	5	2	4	kättä	1.7e-05	17.422226819210195	15.924016952514648
193	5	2	5	sivuttain	1.38e-06	20.80722421593454	21.617799758911133
194	5	2	6	pyörittäen.	1.26e-07	16.818556680728268	17.96888756752014
195	6	2	0	Shaka-	1.7e-07	18.625740129844363	16.13433074951172
196	6	2	1	merkin	2.04e-05	25.74885221074385	18.193471908569336
197	6	2	2	tarkoitus	0.000178	11.515818328358087	11.660163760185242
198	6	2	3	painottuukin	1.15e-08	31.844364822519886	17.343510642647743
199	6	2	4	puhtaasti	2e-05	12.511592876678433	18.030740976333618
200	6	2	5	ystävällisyyden,	2.82e-07	25.48067352638927	28.681764274835587
201	6	2	6	tietoisuuden	3.72e-06	8.69239088640627	11.701308146119118
202	6	2	7	ja	0.0363	0.756089070110177	2.539729356765747
203	6	2	8	kehujen	3.16e-07	18.21199440532	11.769181489944458
204	6	2	9	välittämiseen.	7.94e-07	7.998350487020085	14.006469488143921
205	7	2	0	Havajin	1.32e-08	32.129678770969946	27.563393592834473
206	7	2	1	asukkaat	3.8e-05	17.146586045506044	12.272727012634277
207	7	2	2	käyttävät	6.17e-05	6.577730264114031	8.448509335517883
208	7	2	3	shakaa	0.0	21.747801231212	17.6557137966156
209	7	2	4	ilmaistakseen	9.12e-08	20.28912345698245	20.846097946166992
210	7	2	5	”Aloha-	7.24e-07	29.101545043926794	25.91210675239563
211	7	2	6	henkeä”,	4.79e-05	21.989533753834912	14.201212406158447
212	7	2	7	eli	0.00112	6.50685832792582	5.703322410583496
213	7	2	8	ymmärrystä	1.58e-05	11.508689752884528	16.600397765636444
214	7	2	9	ja	0.0363	3.710343828189845	7.293323516845703
215	7	2	10	myötätuntoa	3.24e-06	10.960045090143767	9.461036339402199
216	7	2	11	saarten	2.24e-06	17.771039993406767	10.143192768096924
217	7	2	12	monien	4.17e-05	13.576999521629725	12.009089469909668
218	7	2	13	kulttuurien	6.76e-06	4.363473700693241	8.892447113990784
219	7	2	14	edustajia	1.82e-05	15.041235312185407	6.702396869659424
220	7	2	15	kohtaan.	0.000151	0.20520762979034834	1.327890845015645
221	8	2	0	Koska	0.00141	6.279984797153064	8.54045295715332
222	8	2	1	merkin	2.04e-05	17.454034357672565	14.516218662261963
223	8	2	2	alkuperästä	5.62e-06	15.6698738925489	11.308226108551025
224	8	2	3	ei	0.0145	1.3303663088435185	4.359824180603027
225	8	2	4	olla	0.00275	10.71633438663094	2.9200243949890137
226	8	2	5	täysin	0.000407	6.006496139424933	7.7829906940460205
227	8	2	6	varmoja,	1.29e-05	5.422227089594882	7.038546502590179
228	8	2	7	on	0.0316	2.4578818342688304	7.827085494995117
229	8	2	8	myös	0.00447	5.940547599358543	8.294078826904297
230	8	2	9	ehdotettu	8.51e-06	10.093234528393475	11.598740339279175
231	8	2	10	sen	0.00372	6.084042139390101	6.39012336730957
232	8	2	11	tulevan	5.75e-05	8.723783251720114	10.067158699035645
233	8	2	12	espanjalaisten	1.32e-06	17.079596316618026	12.44377240166068
234	8	2	13	maahantulijoiden	1.91e-07	15.621994505233072	22.094337180256844
235	8	2	14	käsimerkistä,	2.82e-08	25.98782746759941	16.099300384521484
236	8	2	15	jolla	0.000302	6.603554092584284	6.046175003051758
237	8	2	16	he	0.000813	5.254683889911561	7.152127265930176
238	8	2	17	halusivat	2.4e-05	10.554708567478666	7.529043952934444
239	8	2	18	ehdottaa	3.24e-05	13.02550021861568	9.973176956176758
240	8	2	19	havajilaisille	0.0	42.06590027104205	21.388132333755493
241	8	2	20	yhdessä	0.000447	14.06389678043388	9.053102493286133
242	8	2	21	lasillisen	1.45e-06	18.999772837706544	14.857327580451965
243	8	2	22	nauttimista.	1.26e-06	18.336751894759452	24.44890069961548
244	1	3	0	Kilpaurheilussa	1.7e-07	19.22217572519698	21.237130403518677
245	1	3	1	doping	3.24e-06	11.963926702645306	10.087147235870361
246	1	3	2	tarkoittaa	0.000282	9.484137293001469	7.117533206939697
247	1	3	3	kilpailevien	1.02e-06	16.50128981472691	13.482970476150513
248	1	3	4	urheilijoiden	7.76e-06	0.8381051805460702	4.201870892196894
249	1	3	5	kiellettyjen	1.66e-06	15.127738723350495	11.400785624980927
250	1	3	6	urheilusuoritusta	1.74e-07	21.70874058109749	13.922002077102661
251	1	3	7	parantavien	1.32e-07	17.796209424876977	4.354958534240723
252	1	3	8	aineiden	2.19e-05	1.905440234698757	4.0440401788800955
253	1	3	9	käyttöä.	8.32e-05	3.0177695527070556	8.953415865078568
254	2	3	0	Urheilukilpailuja	8.13e-08	25.642375348815428	20.44879150390625
255	2	3	1	säätelevät	1.82e-06	15.02010799884792	16.692915439605713
256	2	3	2	organisaatiot	3.8e-06	9.881562348799864	10.09783036261797
257	2	3	3	käyttävät	6.17e-05	8.864437205551035	5.557647168636322
258	2	3	4	doping-	3.24e-06	12.749445863193575	16.393462419509888
259	2	3	5	termiä	1.2e-05	16.469849433719485	7.444322360679507
260	2	3	6	laajasti.	2.82e-05	14.635899208288643	12.826706409454346
261	3	3	0	Aineiden	2.19e-05	22.714571587200652	17.05487060546875
262	3	3	1	käyttöä	8.32e-05	7.839522683274884	16.49288320541382
263	3	3	2	urheilusuorituksen	1.41e-07	26.466106689483077	13.87492173910141
264	3	3	3	parantamiseen	7.08e-06	7.297003937211295	9.256716012954712
265	3	3	4	pidetään	0.000132	8.905711938583028	7.920798063278198
266	3	3	5	pääasiassa	5.75e-05	10.125250315078034	10.943256855010986
267	3	3	6	epäeettisenä,	1.86e-07	16.261615840841877	18.788947470486164
268	3	3	7	ja	0.0363	3.4362703741666345	4.8304219245910645
269	3	3	8	se	0.00776	3.5915728122688715	7.5724945068359375
270	3	3	9	on	0.0316	1.267595295403761	4.920332908630371
271	3	3	10	siksi	0.000372	7.595863972090362	10.483330249786377
272	3	3	11	kielletty	3.98e-05	5.169493552931701	9.004979711025953
273	3	3	12	suurimmassa	1.1e-05	14.719240728083083	11.765512228012085
274	3	3	13	osassa	4.37e-05	0.08594120838668676	0.6360213160514832
275	3	3	14	kansainvälisiä	1.51e-05	7.599660253856483	6.812940001487732
276	3	3	15	urheiluorganisaatioita,	0.0	20.047946751572113	10.80122146755457
277	3	3	16	mm.	0.000708	6.236192431729452	4.434263780713081
278	4	3	0	Kansainvälisessä	1.32e-05	20.395422483492652	22.45638859272003
279	4	3	1	olympiakomiteassa.	1.38e-07	15.83457791576887	20.749208126217127
280	5	3	0	Lisäksi	0.000912	6.300962436407297	6.605644702911377
281	5	3	1	urheilijat,	1.38e-05	21.055773115018106	21.89042329788208
282	5	3	2	jotka	0.00117	1.2827698825221003	5.379817962646484
283	5	3	3	pyrkivät	2.29e-05	8.92756971379599	7.567243380472064
284	5	3	4	peittelemättömästi	1.78e-08	32.83523328222564	18.580109236761928
285	5	3	5	välttämään	1.38e-05	9.814540926508265	13.03507475554943
286	5	3	6	selvityksen,	1.66e-05	26.17483248923347	21.552671432495117
287	5	3	7	pahentavat	9.55e-07	16.87751356852315	12.153305768966675
288	5	3	8	eettistä	2.34e-06	15.12802664604177	15.545148849487305
289	5	3	9	rikkomusta	2.69e-07	11.158508624098818	10.708422422409058
290	5	3	10	avoimella	2.51e-06	17.75539697334166	10.15455186367035
291	5	3	11	petoksella	2.57e-07	13.753683326624252	13.598819375038147
292	5	3	12	ja	0.0363	3.952897727302026	3.8429789543151855
293	5	3	13	huijauksella.	7.76e-08	10.784096753249374	17.865120589733124
294	6	3	0	Vaikka	0.00126	5.749079402276555	10.44629955291748
295	6	3	1	doping	3.24e-06	15.383223973983	11.959676504135132
296	6	3	2	onkin	0.000245	6.793075414092325	16.002581119537354
297	6	3	3	vallinnut	1.23e-06	15.496349899571914	11.841996647417545
298	6	3	4	otsikkoja	7.41e-08	24.737231170304035	18.87290632724762
299	6	3	5	viime	0.00055	6.485540684177773	6.350138187408447
300	6	3	6	aikoina,	8.13e-05	1.7621574790386505	6.321382582187653
301	6	3	7	ilmiönä	4.9e-06	18.993908512522747	20.366315364837646
302	6	3	8	se	0.00776	4.446719570727613	5.548478603363037
303	6	3	9	ei	0.0145	1.6389670410985937	3.7526233196258545
304	6	3	10	ole	0.0055	0.8321032200146871	4.098354816436768
305	6	3	11	kuitenkaan	0.000309	6.52582816609657	7.1177191734313965
306	6	3	12	uusi	0.000525	7.032667128917407	7.4295477867126465
307	6	3	13	–	0.0	7.244184956037735	3.686537504196167
308	6	3	14	itse	0.00102	9.121003342878149	7.894048690795898
309	6	3	15	asiassa	0.000151	1.157905255780909	5.123590669129044
310	6	3	16	se	0.00776	2.666160712308598	6.334113121032715
311	6	3	17	on	0.0316	0.5429444479885823	3.1020917892456055
312	6	3	18	yhtä	0.000457	10.821058345119274	8.824755787849426
313	6	3	19	vanha	0.000234	4.698250364200435	8.303581357002258
314	6	3	20	kuin	0.00355	0.2901762723837675	1.6782891750335693
315	6	3	21	urheilu	7.08e-05	8.914206851690205	9.427485674619675
316	6	3	22	itsessään.	2.57e-05	10.97021808863022	5.334834840614349
317	7	3	0	Yleinen	7.41e-05	13.472132987682208	15.936335563659668
318	7	3	1	mielipide	3.98e-05	9.63378827818347	12.427787780761719
319	7	3	2	urheilijoiden	7.76e-06	16.159240193679917	13.513166427612305
320	7	3	3	keskuudessa	4.68e-05	5.00940199912559	8.984517104923725
321	7	3	4	on	0.0316	0.6407324778877223	3.201535224914551
322	7	3	5	vaihdellut	2.45e-06	20.294001184388957	9.576073110103607
323	7	3	6	laajasti	2.82e-05	12.017966809868897	9.569697856903076
324	7	3	7	vuosien	0.000126	5.429302300291288	7.468788266181946
325	7	3	8	saatossa:	1.62e-05	8.39216871026578	5.777834047563374
326	7	3	9	aineita	3.16e-05	21.580992161045558	18.803802013397217
327	7	3	10	on	0.0316	2.852078698606818	6.571089744567871
328	7	3	11	käytetty	9.55e-05	3.8565788475804816	7.937254063785076
329	7	3	12	muinaisista	7.59e-07	19.648390206563448	20.16460371017456
330	7	3	13	sotavaunukilpailuista	0.0	30.461664475651375	25.870184242725372
331	7	3	14	nykyhetkeen	1.29e-06	16.41519229478804	12.142253994941711
332	7	3	15	asti,	0.000398	6.045386491374739	7.698956727981567
333	7	3	16	ja	0.0363	2.4904837487265277	6.029534339904785
334	7	3	17	tuoreimpia	3.89e-07	16.69325818971675	18.837458610534668
335	7	3	18	kiistoja	1.38e-06	12.640420963284043	11.205023109912872
336	7	3	19	on	0.0316	2.4941655543539634	4.980047702789307
337	7	3	20	esiintynyt	1.86e-05	7.455780684573988	7.976406816393137
338	7	3	21	amerikkalaisessa	2.51e-06	14.505577666904406	15.52641075477004
339	7	3	22	pesäpallossa	4.07e-07	15.207789927733613	11.864739924669266
340	7	3	23	ja	0.0363	3.4151894252862673	3.765810012817383
341	7	3	24	pyöräilyssä.	4.37e-07	13.775160536297728	13.017110705375671
342	8	3	0	Viimeisinä	4.07e-06	23.848897475743183	18.115692853927612
343	8	3	1	vuosikymmeninä	7.08e-06	6.528046449081497	6.860796052962542
344	8	3	2	viranomaiset	3.02e-05	14.265253746765664	19.065235137939453
345	8	3	3	ja	0.0363	6.118164037329229	4.801153182983398
346	8	3	4	urheiluorganisaatiot	0.0	19.319388088732538	18.159454624634236
347	8	3	5	ovat	0.00389	0.8666297875570288	4.489315032958984
348	8	3	6	yrittäneet	9.33e-06	6.952678912279708	8.987075194672798
349	8	3	7	tiukasti	2.09e-05	15.785193836375509	10.974849224090576
350	8	3	8	säädellä	4.17e-06	8.90415276766192	11.428966730833054
351	8	3	9	aineiden	2.19e-05	15.003881670606704	16.34582495689392
352	8	3	10	käyttöä	8.32e-05	2.867806304792691	7.729441404342651
353	8	3	11	urheilussa.	7.24e-06	5.233919907798839	13.398934125900269
354	9	3	0	Ensisijaiset	5.75e-07	18.470388575077525	12.697198629379272
355	9	3	1	syyt	2.69e-05	7.480312998236127	10.72744357585907
356	9	3	2	aineiden	2.19e-05	18.107891839077883	18.024341106414795
357	9	3	3	kieltämiseen	5.5e-07	14.449659430144118	17.785552382469177
358	9	3	4	kumpuavat	1.07e-06	17.0342070876125	17.3593367934227
359	9	3	5	suoritusta	5.01e-06	17.57615817257461	15.785338401794434
360	9	3	6	parantavien	1.32e-07	13.693962767033586	12.4011549949646
361	9	3	7	aineiden	2.19e-05	5.9122249307585015	7.516362771391869
362	9	3	8	terveysriskeistä,	1.55e-07	17.96824836770345	16.893783569335938
363	9	3	9	kilpailijoiden	5.01e-06	17.46149249476212	12.189863443374634
364	9	3	10	mahdollisuuksien	1.38e-05	15.587306201409461	10.95475822687149
365	9	3	11	samanarvoisuus	5.01e-08	30.654735763577193	11.913210228085518
366	9	3	12	ja	0.0363	3.7620299160529735	6.792450428009033
367	9	3	13	yleisölle	2.45e-05	16.202417656571757	13.529304504394531
368	9	3	14	näkyvä	9.55e-06	9.177472291388673	11.023352265357971
369	9	3	15	päihteettömän	1.15e-08	27.952735965573893	16.1877175681293
370	9	3	16	urheilun	2.4e-05	7.893840672247914	8.43484902381897
371	9	3	17	antama	8.91e-06	14.686927574780547	9.951059818267822
372	9	3	18	positiivinen	3.89e-05	7.419770981841413	6.937927578110248
373	9	3	19	kuva.	0.000269	4.269055569252657	9.690124034881592
374	10	3	0	Dopingin	1.05e-06	27.45644818053212	18.214353561401367
375	10	3	1	vastaiset	2.19e-06	30.31696615236195	18.50139331817627
376	10	3	2	viranomaiset	3.02e-05	11.312753168160217	15.080313086509705
377	10	3	3	ovat	0.00389	2.8029414247427753	7.3967766761779785
378	10	3	4	toistuvasti	1.78e-05	11.608540562082501	14.372092068195343
379	10	3	5	painottaneet	1.51e-07	10.80869957856696	12.417333543300629
380	10	3	6	suoritusta	5.01e-06	19.308351351674112	13.360636234283447
381	10	3	7	parantavien	1.32e-07	13.887238985045167	13.622438430786133
382	10	3	8	aineiden	2.19e-05	7.430000805245866	8.030817523598671
383	10	3	9	käytön	5.75e-05	4.679205524871957	6.628524661064148
384	10	3	10	olevan	0.000525	4.762673172149399	7.599664688110352
385	10	3	11	vastoin	2.82e-05	11.983157964924182	8.822803318500519
386	10	3	12	”urheiluhenkeä”.	1.86e-07	34.36227856440586	29.354643046855927
387	1	4	0	Pussihukka	0.0	30.86604720694929	25.95344352722168
388	1	4	1	oli	0.00646	8.925381909435616	8.489143371582031
389	1	4	2	uuden	0.000427	11.757712652312097	9.508069038391113
390	1	4	3	ajan	0.000562	6.055355489668973	8.457261085510254
391	1	4	4	suurin	0.000407	6.981022394467383	9.465388298034668
392	1	4	5	lihansyöjäpussipeto,	0.0	42.711293403360784	46.874501809477806
393	1	4	6	joka	0.00309	2.3622173001121767	6.15514612197876
394	1	4	7	muistutti	1.29e-05	8.412703478766808	8.164971053600311
395	1	4	8	muodoltaan	2.34e-06	9.77525172538553	9.5732262423262
396	1	4	9	sutta	4.07e-06	14.633333515342844	15.374215126037598
397	1	4	10	ja	0.0363	3.0905785733246502	4.871039867401123
398	1	4	11	väritykseltään	6.31e-07	11.332991756681821	10.332643463218119
399	1	4	12	tiikeriä,	7.41e-07	19.70043256710553	17.292094707489014
400	1	4	13	mistä	0.000479	9.317555923295993	6.15526020526886
401	1	4	14	johtuvat	1.51e-05	16.281452590052403	8.25425410270691
402	1	4	15	sen	0.00372	3.2743480203615474	7.315118789672852
403	1	4	16	monet	0.000234	8.420141560742403	7.0286970138549805
404	1	4	17	susi-	1.95e-05	19.099761170082335	16.103480100631714
405	1	4	18	ja	0.0363	1.583612337965426	5.2705583572387695
406	1	4	19	tiikeri	4.57e-06	5.717678638128065	11.521494507789612
407	1	4	20	-päätteiset	1.1e-07	30.461472342449664	14.71668291091919
408	1	4	21	nimitykset.	2.51e-06	6.319014192411776	8.106691194698215
409	2	4	0	Alun	7.59e-05	8.725547906523346	9.507762908935547
410	2	4	1	perin	4.79e-05	8.488657886234149	2.443277597427368
411	2	4	2	pussihukka	0.0	27.792667674528822	29.42182683944702
412	2	4	3	eli	0.00112	7.816234699543402	6.379002571105957
413	2	4	4	Australian	2.29e-05	15.201614328372308	10.05300235748291
414	2	4	5	mantereella	3.8e-06	16.23595802257521	17.056215405464172
415	2	4	6	ja	0.0363	3.6947677694335557	6.705923080444336
416	2	4	7	Uudessa-	6.03e-05	4.185447468912294	9.553917169570923
417	2	4	8	Guineassa,	3.24e-06	16.730868345625638	6.747677136212587
418	2	4	9	mutta	0.00575	2.924287796663202	8.081146240234375
419	2	4	10	viimeisten	1.35e-05	12.847258971147225	10.299360752105713
420	2	4	11	kolmen	0.000141	6.836243949587373	6.31827700138092
421	2	4	12	vuosituhannen	1.02e-05	8.636165008582111	4.197728151455522
422	2	4	13	aikana	0.000794	0.5922410781569953	2.833719253540039
423	2	4	14	lajia	1.74e-05	9.748354198888464	8.439727306365967
424	2	4	15	esiintyi	2.34e-05	8.5150327099457	2.6771960258483887
425	2	4	16	vain	0.00257	7.399801120512528	5.726438999176025
426	2	4	17	Tasmaniassa.	1.82e-07	14.747607420663448	11.001427954994142
427	3	4	0	Sekä	0.00162	11.520979133701195	9.174942970275879
428	3	4	1	naaras-	5.25e-06	20.11170368498893	20.02680230140686
429	3	4	2	että	0.00977	0.23221419986312464	1.3876652717590332
430	3	4	3	koiraspussihukalla	0.0	47.38273400220088	38.67376673221588
431	3	4	4	oli	0.00646	5.471479715275465	6.102110862731934
432	3	4	5	pussit:	1.7e-06	28.279120172652206	29.369035243988037
433	3	4	6	naaras	5.25e-06	8.160316122818408	10.845000982284546
434	3	4	7	kantoi	9.33e-06	11.128980291565718	16.16308969259262
435	3	4	8	poikasta	1.35e-06	13.916748419283175	11.190142631530762
436	3	4	9	omassaan	1.91e-07	17.588755045551682	11.578076362609863
437	3	4	10	ja	0.0363	3.454437105163718	6.077664375305176
438	3	4	11	koiraan	2.19e-06	7.857154657121415	11.880737066268921
439	3	4	12	pussi	8.13e-06	9.637427082462457	7.057202935218811
440	3	4	13	suojasi	1.58e-06	9.086592881604645	11.04734492301941
441	3	4	14	puolestaan	0.000112	10.41631812232537	12.050081729888916
442	3	4	15	ulkoisia	2.75e-06	16.116097577565995	15.641096591949463
443	3	4	16	sukupuolielimiä.	6.17e-07	19.17347939623335	23.99527758359909
444	4	4	0	Pussihukan	0.0	36.376035655071085	25.95344352722168
445	4	4	1	tiedetään	4.37e-05	18.875517822589103	13.671064376831055
446	4	4	2	olleen	7.59e-05	4.565682143601095	7.763605207204819
447	4	4	3	harvaan	4.07e-06	18.170955011168243	18.41206669807434
448	4	4	4	asutuilla	7.24e-07	11.790238662155494	9.497905969619751
449	4	4	5	alueilla	5.01e-05	1.0702805678728033	4.993273518979549
450	4	4	6	vaativissa	1.58e-06	19.94839934939075	14.901102304458618
451	4	4	7	olosuhteissa	2.34e-05	2.6021430042689895	7.0645310785621405
452	4	4	8	saalistava	9.55e-08	18.009691996114118	13.480043411254883
453	4	4	9	suurpeto,	8.71e-08	18.770150473718125	16.538667917251587
454	4	4	10	tosin	0.000263	10.828210602903592	6.401407599449158
455	4	4	11	saaliin	4.07e-06	11.800974598346011	14.014934778213501
456	4	4	12	koosta	7.24e-06	12.508079714945334	9.081264734268188
457	4	4	13	ja	0.0363	3.691453069209431	4.856051445007324
458	4	4	14	pussihukan	0.0	15.370547606169737	21.941158771514893
459	4	4	15	saalistustyylistä	0.0	21.46104235577601	19.401397317647934
460	4	4	16	on	0.0316	2.0489539430341352	4.102038383483887
461	4	4	17	esitetty	3.24e-05	8.47710109551929	7.414092600345612
462	4	4	18	vaihtelevaa	2.51e-06	13.055017457860137	9.318058580160141
463	4	4	19	tietoa.	0.000229	3.7753356785778354	6.086283966898918
464	5	4	0	Jo	0.00251	0.0	0.0
465	5	4	1	ennen	0.00117	19.355859090086923	9.0745210647583
466	5	4	2	brittien	1.26e-05	15.091543505588934	12.326194524765015
467	5	4	3	tuloa	1.62e-05	6.238280567199311	8.944878458976746
468	5	4	4	Australiaan	5.25e-06	11.505817186917069	13.947022914886475
469	5	4	5	pussihukkia	4.79e-08	36.005589463736385	33.1630654335022
470	5	4	6	hädin	5.5e-06	20.735908763524133	14.793465375900269
471	5	4	7	tuskin	0.000178	0.0043160174488937235	0.045706246979534626
472	5	4	8	enää	0.000891	5.555820087450311	7.512104034423828
473	5	4	9	esiintyi	2.34e-05	8.091391426699428	7.270339012145996
474	5	4	10	Australian	2.29e-05	8.827367705252946	4.258397102355957
475	5	4	11	mantereella,	3.8e-06	8.695407909227454	10.125223535113037
476	5	4	12	mutta	0.00575	1.6500418944818498	5.189107894897461
477	5	4	13	Tasmanian	3.98e-07	11.39547325498276	9.114872336387634
478	5	4	14	saarella	1.74e-05	5.617904870597606	9.701306343078613
479	5	4	15	laji	4.07e-05	10.309561037583421	11.044240713119507
480	5	4	16	selvisi	3.98e-05	12.434543494479694	5.173559665679932
481	5	4	17	1900-	4.95e-06	6.562169927401736	8.033219903707504
482	5	4	18	luvulle	1.95e-05	14.454414929027696	3.4508748650550842
483	5	4	19	asti.	0.000398	2.0629462719566645	6.145199537277222
484	6	4	0	Metsästyksen	3.24e-06	24.648735914062108	19.430862188339233
485	6	4	1	lisäksi	0.000912	6.959752091126825	9.346773147583008
486	6	4	2	sairaudet	8.32e-06	18.53962975913944	14.506667613983154
487	6	4	3	sekä	0.00162	7.617905324655438	5.3261003494262695
488	6	4	4	koirien	2.04e-05	11.892509233877584	16.004015684127808
489	6	4	5	ja	0.0363	2.924013011220359	7.6935014724731445
490	6	4	6	ihmisten	0.00024	6.204481800886746	6.806815922260284
491	6	4	7	tulo	1.55e-05	14.02206730504262	11.476858615875244
492	6	4	8	pussihukan	0.0	34.679719841393386	25.61653423309326
493	6	4	9	elinalueelle	0.0	19.230385065224915	15.481676369905472
494	6	4	10	ovat	0.00389	1.8740363884792903	5.476879119873047
495	6	4	11	voineet	2.57e-05	9.896768329569955	8.745871029794216
496	6	4	12	vaikuttaa	0.000275	3.1692986204674845	5.7840601382777095
497	6	4	13	lajin	3.39e-05	9.325199163220345	12.17372465133667
498	6	4	14	häviämiseen.	3.02e-07	13.069211259635862	15.070301473140717
499	7	4	0	Vaikka	0.00126	5.749079402276555	10.44629955291748
500	7	4	1	laji	4.07e-05	13.435942052539161	17.030730724334717
501	7	4	2	on	0.0316	1.5919651022975627	5.240036487579346
502	7	4	3	kuollut	0.000107	9.995128785735282	12.293475277721882
503	7	4	4	sukupuuttoon	7.08e-06	7.42167241752386	8.047505603171885
504	7	4	5	1900-	4.95e-06	7.683285686277607	4.098546013236046
505	7	4	6	luvulla,	0.000174	10.622208218083271	5.3813640512526035
506	7	4	7	ihmiset	0.000457	9.87409852381362	10.47291088104248
507	7	4	8	edelleen	0.000417	5.766558345980439	6.16447639465332
508	7	4	9	ilmoittavat	3.89e-06	13.958712193823944	7.9173533618450165
509	7	4	10	näköhavainnoista	3.09e-08	24.53841656729375	21.20850007981062
510	7	4	11	ja	0.0363	3.965261309009803	6.96893310546875
511	7	4	12	yrittävät	3.63e-05	11.515703001252692	14.116555333137512
512	7	4	13	esittää	0.000117	11.126410416633009	9.192765235900879
513	7	4	14	todistusaineistoa	3.72e-06	13.31743223013761	13.9360322766006
514	7	4	15	lajin	3.39e-05	6.893997531701583	8.471814155578613
515	7	4	16	olemassaolosta.	6.46e-06	8.787754423331704	13.329023499041796
516	1	5	0	Maailman	0.000398	11.725101501799234	10.571215629577637
517	1	5	1	ympäristöpäivä	3.72e-08	18.49074105831734	18.215269327163696
518	1	5	2	on	0.0316	3.4928264755892338	7.844452381134033
519	1	5	3	vuodesta	0.000148	4.591863617641969	8.084104537963867
520	1	5	4	1974	2e-05	7.042551183433428	6.191802978515625
521	1	5	5	alkaen	0.000166	5.978675339803157	5.555027961730957
522	1	5	6	5.	0.000759	10.215115396277849	6.383850991725922
523	2	5	0	kesäkuuta	1.32e-05	16.85388803191516	19.030447959899902
524	2	5	1	järjestetty	2.34e-05	14.732463035801516	10.848521709442139
525	2	5	2	Yhdistyneiden	2.4e-06	15.982969897675622	12.571484804153442
526	2	5	3	kansakuntien	3.47e-06	1.0783006153696106	2.092305012047291
527	2	5	4	ympäristöohjelman	1.38e-07	16.205906887075447	16.03926533460617
528	2	5	5	vuosittainen	5.75e-06	9.560998988652509	11.314418077468872
529	2	5	6	teemapäivä,	5.75e-07	15.403664877644054	20.571404993534088
530	2	5	7	jolloin	0.000316	7.696534863622211	3.9648382663726807
531	2	5	8	kiinnitetään	6.76e-06	11.442357813084907	11.021448040381074
532	2	5	9	huomiota	9.12e-05	0.5027207009513607	1.8909750953316689
533	2	5	10	ympäristökysymyksiin.	1.32e-07	10.387834197204779	18.622812312096357
534	3	5	0	Tarkoituksena	6.76e-05	18.658386263502102	19.107306957244873
535	3	5	1	on	0.0316	0.6000629048541577	2.9108386039733887
536	3	5	2	nostaa	0.000126	8.252035532970144	8.868583656847477
537	3	5	3	esille	9.12e-05	5.615575226167039	10.364604830741882
538	3	5	4	ympäristössämme	4.37e-08	20.65586573966876	16.71750497817993
539	3	5	5	tapahtuvia	1.55e-06	4.667643571265344	9.794381499290466
540	3	5	6	muutoksia	6.92e-05	1.5390329126720468	6.1620784252882
541	3	5	7	lisäämällä	1.45e-05	12.17695306824717	8.271413788199425
542	3	5	8	ympäristötietoisuutta	3.72e-08	12.546844798779173	19.07575848698616
543	3	5	9	sekä	0.00162	4.204550352301167	3.228652238845825
544	3	5	10	kannustamalla	3.39e-07	9.207759543795088	9.632598280906677
545	3	5	11	ympäristön	3.63e-05	7.6385114802286775	8.283209681510925
546	3	5	12	suojelemiseen.	6.61e-07	12.168630717166764	14.331862479448318
547	4	5	0	Ideana	1.17e-05	12.347808314148727	5.193483829498291
548	4	5	1	on,	0.0316	17.930554194188442	21.667420387268066
549	4	5	2	että	0.00977	2.918677158672615	10.336359977722168
550	4	5	3	jokainen	0.000214	7.879815748553757	11.874819040298462
551	4	5	4	voi	0.00389	4.573091357973613	8.548492431640625
552	4	5	5	toimia	0.000141	7.4417276534648	7.448168531060219
553	4	5	6	ympäristön	3.63e-05	11.728984847608391	10.268279314041138
554	4	5	7	hyväksi,	8.91e-05	7.759995952947982	10.534795194864273
555	4	5	8	joko	0.000214	9.34840402364216	7.794486165046692
556	4	5	9	paikallisesti,	1e-05	13.129422905195606	13.208327412605286
557	4	5	10	kansallisesti	3.02e-06	4.940767769578578	7.510036468505859
558	4	5	11	tai	0.00355	0.32297658106151095	1.0703586339950562
559	4	5	12	kansainvälisesti,	1.95e-05	4.686026890270412	4.552061378955841
560	4	5	13	joko	0.000214	5.84501905947698	8.569132566452026
561	4	5	14	yksin	0.000191	5.883272305323929	11.14905571937561
562	4	5	15	tai	0.00355	0.23376875042396225	1.2878704071044922
563	4	5	16	isona	8.32e-06	17.301011049217095	9.646345376968384
564	4	5	17	joukkona.	7.59e-07	10.977300482830385	11.615525960922241
565	5	5	0	Hallitus,	0.000204	16.54458197808102	13.80109453201294
566	5	5	1	yritykset,	8.91e-05	14.711880066338932	15.384524524211884
567	5	5	2	organisaatiot	3.8e-06	6.760083803462322	9.073042758740485
568	5	5	3	ja	0.0363	1.6118340800167945	3.025130033493042
569	5	5	4	yhteisöt	6.76e-06	3.0577184310637215	7.765406921505928
570	5	5	5	osallistuvat	1.51e-05	8.175181807287391	7.319463729858398
571	5	5	6	teeman	7.08e-06	14.535021681895847	11.412017107009888
572	5	5	7	osoittaman	3.89e-07	15.671866175288443	12.329308271408081
573	5	5	8	ympäristöasian	0.0	23.713304587093297	14.939053058624268
574	5	5	9	edistämiseen.	3.8e-06	11.22805524405147	14.853719234466553
575	6	5	0	Erityisen	0.00012	18.576930161334985	12.479622602462769
576	6	5	1	suuria	0.000105	10.162944756017133	10.503209114074707
577	6	5	2	haasteita	2.14e-05	6.446205861184324	9.834159094840288
578	6	5	3	ovat	0.00389	2.830659093426737	6.8058695793151855
579	6	5	4	ilmastonmuutos,	2.14e-05	11.327812889028587	13.849257588386536
580	6	5	5	kasvihuonepäästöt	2.19e-07	14.154746899002143	16.35022014565766
581	6	5	6	kehitysmaissa	2.88e-06	17.56856158686044	6.6067628264427185
582	6	5	7	ja	0.0363	1.0029906081505315	1.7446308135986328
583	6	5	8	biodiversiteetin	3.63e-07	11.403237242616887	9.729763159528375
584	6	5	9	hupeneminen.	1.48e-07	15.589116634455157	9.850100072100759
585	7	5	0	Myös	0.00447	15.32583995801602	11.22531795501709
586	7	5	1	arktisilla	7.94e-07	21.46048976049312	26.683626174926758
587	7	5	2	alueilla	5.01e-05	0.5156537561841088	2.907202109694481
588	7	5	3	ilmastonmuutoksen	2.19e-05	9.823470689103441	12.402621448040009
589	7	5	4	vaikutukset	3.8e-05	3.2122285467691576	8.539603233337402
590	7	5	5	ovat	0.00389	1.290624593520724	5.284014701843262
591	7	5	6	merkittäviä.	3.31e-05	5.523042217856465	11.233564496040344
592	8	5	0	Ilmaston	1.48e-05	17.267990917337805	17.06519603729248
593	8	5	1	lämpeneminen	4.47e-06	5.121449092578944	3.9764961153268814
594	8	5	2	vaikuttaa	0.000275	4.565253100267164	7.094994962215424
595	8	5	3	paitsi	0.000209	10.380743025002223	12.596883629914373
596	8	5	4	kasvi-	1.17e-05	11.339398742986711	13.425308227539062
597	8	5	5	ja	0.0363	0.28289552566108056	1.6392003297805786
598	8	5	6	eläinkuntaan	6.92e-08	5.9234554669984165	7.8753650188446045
599	8	5	7	myös	0.00447	0.9295963239130797	2.3990893363952637
600	8	5	8	ihmisten	0.00024	6.098564594123432	9.232021808624268
601	8	5	9	toimeentulomahdollisuuksiin.	0.0	28.77898509690098	13.25179878436029
602	9	5	0	Viime	0.00055	11.654600438635335	9.101898193359375
603	9	5	1	vuosina	0.000148	4.053537459529725	5.373058795928955
604	9	5	2	yksi	0.001	10.32523112380194	9.564336776733398
605	9	5	3	suuri	0.000339	7.644796655528408	9.378072738647461
606	9	5	4	huolenaihe	1.82e-06	10.623995675607183	12.527426414191723
607	9	5	5	on	0.0316	0.4093148479137197	2.6812143325805664
608	9	5	6	ollut	0.00204	1.218266100756743	6.184698581695557
609	9	5	7	muovijäte,	1.48e-07	23.54544684210778	30.08823585510254
610	9	5	8	josta	0.000302	4.560512882562686	4.249981880187988
611	9	5	9	muodostui	9.12e-06	11.889772251766875	8.809027671813965
612	9	5	10	myös	0.00447	5.780817443975009	8.805337905883789
613	9	5	11	vuoden	0.0012	11.967153504955192	8.493324279785156
614	9	5	12	2018	4.61e-05	3.98782919107702	5.350043773651123
615	9	5	13	ympäristöpäivän	1.2e-08	20.335060801501086	16.83753740787506
616	9	5	14	teema.	2.14e-05	9.850613745050868	12.698461651802063
617	10	5	0	Kampanjassa	4.9e-06	24.83984263545047	14.182542324066162
618	10	5	1	puhuttiin	1.82e-05	12.356217560223543	13.128806352615356
619	10	5	2	kertakäyttömuovikulttuurin	0.0	44.82533423204552	41.03387126326561
620	10	5	3	hävittämisen	3.39e-07	17.06156381935835	11.350741222500801
621	10	5	4	puolesta.	0.000229	4.255016068381726	9.953354455530643
622	11	5	0	Esimerkiksi	0.000794	9.38908961131989	8.697724342346191
623	11	5	1	Intia	9.33e-06	15.140202929310723	13.709183931350708
624	11	5	2	antoi	0.000155	10.348188912480989	6.302807152271271
625	11	5	3	suuren	9.55e-05	8.085725896911201	13.352033138275146
626	11	5	4	lupauksen	4.57e-06	8.45795658958018	7.550685167312622
627	11	5	5	siitä,	0.00191	5.719412601652754	9.655387580394745
628	11	5	6	että	0.00977	0.2002997079965613	0.7206590175628662
629	11	5	7	koko	0.00129	8.636307559014991	9.188132286071777
630	11	5	8	1,3	2.04e-05	15.190241161015638	15.765229225158691
631	11	5	9	miljardin	2.57e-05	1.5016980322994415	3.9992534518241882
632	11	5	10	asukkaan	2.04e-05	4.00692751054355	4.861935153603554
633	11	5	11	nopeasti	0.000295	13.99825561811689	11.788364887237549
634	11	5	12	kehittyvä	1.51e-06	5.035399123765901	5.595763087272644
635	11	5	13	maa	0.000195	2.982432394286463	6.895043849945068
636	11	5	14	aikoo	6.61e-05	8.304025143575199	7.07091623544693
637	11	5	15	jättää	0.000191	7.8982164457418795	7.615353360772133
638	11	5	16	kaiken	0.000339	8.973486272196467	12.17736268043518
639	11	5	17	kertakäyttömuovin	0.0	28.722497672830087	24.65100198984146
640	11	5	18	vuoteen	0.000132	10.505748173994602	6.86012601852417
641	11	5	19	2022	4.7e-05	5.339642027701155	2.187453508377075
642	11	5	20	mennessä.	0.000166	0.6083053328793416	3.253278646618128
643	1	6	0	Monokkeli	7.59e-08	25.51829026939771	16.58895778656006
644	1	6	1	on	0.0316	3.7408550030927707	8.565563201904297
645	1	6	2	optinen	2.09e-06	18.701912040581146	11.645649433135986
646	1	6	3	linssi,	2.88e-06	8.897509523487075	16.966936349868774
647	1	6	4	joka	0.00309	0.9227534864311073	2.5549018383026123
648	1	6	5	asetetaan	1.07e-05	9.857199807601468	9.39680777490139
649	1	6	6	toisen	0.000339	10.231261902713188	8.621073722839355
650	1	6	7	silmän	1.29e-05	6.014861215008524	9.318985968828201
651	1	6	8	eteen	0.000117	5.9243186407433654	10.718665838241577
652	1	6	9	korjaamaan	1.23e-05	17.125517716727007	14.909151554107666
653	1	6	10	sen	0.00372	5.977374140822276	7.994656085968018
654	1	6	11	näkökykyä.	2.09e-07	11.550054522351633	20.80354928970337
655	2	6	0	Toisin	0.000129	18.379747391956016	10.341028213500977
656	2	6	1	kuin	0.00355	0.22068992378585528	1.3061186075210571
657	2	6	2	silmälasit,	4.57e-06	17.50240075478144	23.648233890533447
658	2	6	3	monokkeli	7.59e-08	31.833903674687246	18.21097421646118
659	2	6	4	ei	0.0145	3.8747833071011915	7.171024322509766
660	2	6	5	lepää	1.12e-05	14.395566548153244	6.927530646324158
661	2	6	6	kasvoilla	4.17e-06	11.4206819178128	12.392573356628418
662	2	6	7	sankojen	2.19e-08	28.024138706382313	10.224034368991852
663	2	6	8	avulla,	0.000229	12.464966897015483	9.624608755111694
664	2	6	9	vaan	0.00145	1.1326197270738794	3.5557923316955566
665	2	6	10	sitä	0.00269	7.320208519661036	8.059662818908691
666	2	6	11	pitävät	7.94e-05	11.724355290989687	6.314635992050171
667	2	6	12	paikallaan	3.39e-05	6.598321848654178	9.14512574672699
668	2	6	13	kasvojen	1.07e-05	7.5541523973965905	9.719845741987228
669	2	6	14	lihakset.	8.32e-06	10.353300669733015	17.127138018608093
670	3	6	0	Monokkeli	7.59e-08	25.51829026939771	16.58895778656006
671	3	6	1	on	0.0316	3.7408550030927707	8.565563201904297
672	3	6	2	nauhalla	1.74e-06	21.348241405284327	16.63762617111206
673	3	6	3	kiinni	0.000427	7.839754642938153	10.209612309932709
674	3	6	4	omistajansa	1.86e-06	19.78933335896681	14.512802362442017
675	3	6	5	kaulassa	5.37e-06	10.911671345435979	15.325768947601318
676	3	6	6	tai	0.00355	5.780936233471913	4.67539119720459
677	3	6	7	rintapielessä	6.92e-08	24.338730304628008	15.808481276035309
678	3	6	8	putoamisen	2.09e-06	19.721951640917382	12.668185949325562
679	3	6	9	varalta.	2.4e-05	5.305489072189051	10.48624873161316
680	4	6	0	Se	0.00776	0.0	0.0
681	4	6	1	yhdistetään	1.23e-05	21.21561364950977	14.820144653320312
682	4	6	2	tavallisesti	2.14e-05	10.644186889759206	13.731232643127441
683	4	6	3	1800-	8.31e-07	14.047582578560167	11.016831457614899
684	4	6	4	luvun	0.000234	11.669860213476213	4.111319735646248
685	4	6	5	yläluokkaisiin,	2.19e-08	23.453499422984475	23.52711856365204
686	4	6	6	varakkaisiin	1.95e-08	23.32386671094336	13.909885346889496
687	4	6	7	miehiin.	5.62e-06	9.827978718745364	11.54825808852911
688	5	6	0	Kommunistisessa	5.13e-07	17.144264597831054	11.636423110961914
689	5	6	1	propagandassa	6.92e-07	12.405607089026315	7.198546886444092
690	5	6	2	monokkeli	7.59e-08	33.294069944933995	21.788558959960938
691	5	6	3	kuului	5.37e-05	10.945726413070531	6.240696430206299
692	5	6	4	usein	0.000537	5.19561960936645	9.321612358093262
693	5	6	5	frakin	2.63e-07	24.47714114899231	12.20292592048645
694	5	6	6	ja	0.0363	3.4191315597437106	8.534708023071289
695	5	6	7	silinterin	3.09e-08	23.09996219468613	16.066914916038513
696	5	6	8	kanssa	0.00234	6.760895071702543	5.677214622497559
697	5	6	9	stereotyyppisen	1.41e-07	17.66941340157625	11.396456331014633
698	5	6	10	kapitalistin	2.69e-07	16.80189676286841	13.80920296907425
699	5	6	11	tunnusmerkkeihin.	1.17e-07	15.692396605197738	19.59861049056053
700	6	6	0	Toinen	0.000589	12.045894410539882	10.40147590637207
701	6	6	1	ryhmä,	0.000102	12.122385414426766	17.839243292808533
702	6	6	2	joihin	8.32e-05	9.086329857513311	7.501910448074341
703	6	6	3	monokkeli	7.59e-08	36.4743344333389	15.520440816879272
704	6	6	4	usein	0.000537	11.800146165215653	6.0143327713012695
705	6	6	5	yhdistetään,	1.23e-05	5.2714642705219275	9.036948084831238
706	6	6	6	ovat	0.00389	1.9737193837796576	2.5341763496398926
707	6	6	7	saksalaiset	1.95e-05	13.072320006776307	12.91733169555664
708	6	6	8	upseerit.	2.82e-06	15.632325389859757	16.146401315927505
709	7	6	0	Monokkelin	1.62e-08	23.61739171056213	25.776719093322754
710	7	6	1	suosio	2.63e-05	14.08404961797738	14.503764629364014
711	7	6	2	oli	0.00646	4.798948185696728	6.659181118011475
712	7	6	3	suurimmillaan	3.16e-06	7.416614206572124	12.504541635513306
713	7	6	4	1800-	8.31e-07	5.546439356939063	8.213735029101372
714	7	6	5	luvun	0.000234	12.850240517273312	3.6176234148442745
715	7	6	6	loppupuoliskolla,	4.68e-07	7.215647749471653	9.704176038503647
716	7	6	7	mutta	0.00575	2.6129358646697782	3.9066967964172363
717	7	6	8	se	0.00776	3.0179535896991982	7.710163116455078
718	7	6	9	hävisi	4.68e-05	5.060779621832729	6.62532339990139
719	7	6	10	nopeasti	0.000295	4.847543327826072	7.58583427965641
720	7	6	11	käytöstä	7.59e-05	12.961934904593097	9.535272359848022
721	7	6	12	1900-	4.95e-06	3.6800279313868285	6.9887219071388245
722	7	6	13	luvun	0.000234	3.4082506952215836	3.309685382992029
723	7	6	14	alkupuolella,	1.7e-05	6.6309293575341774	8.290273368358612
724	7	6	15	kun	0.00513	1.484528377248163	3.8698015213012695
725	7	6	16	kehittynyt	2.75e-05	14.811242293506742	13.947784900665283
726	7	6	17	optiikka	6.92e-07	12.49239824746212	13.584019660949707
727	7	6	18	mahdollisti	5.89e-06	4.451965679193528	7.005835182964802
728	7	6	19	silmälasit,	4.57e-06	19.278599560625924	27.70737624168396
729	7	6	20	joiden	0.000282	3.2072981606196564	6.331974983215332
730	7	6	21	linssit	2.19e-06	9.681843264669942	13.332532405853271
731	7	6	22	olivat	0.000692	2.951138670123921	7.200623512268066
732	7	6	23	eri	0.000832	7.824125218873714	8.582987785339355
733	7	6	24	vahvuiset.	1.29e-07	20.476008355421055	14.318011224269867
734	8	6	0	Nykyään	0.000229	16.268815533544167	15.358689308166504
735	8	6	1	monokkeli	7.59e-08	32.71220477655898	20.612859964370728
736	8	6	2	on	0.0316	1.1170002968788024	5.161982536315918
737	8	6	3	käytännössä	0.000166	10.03779810085857	9.81918379664421
738	8	6	4	kadonnut	3.24e-05	11.741136510829445	9.5880156904459
739	8	6	5	lasityyppi.	0.0	28.28748983246964	22.023606777191162
740	1	7	0	Viininmaistelu	2.29e-08	30.745126405220525	28.905076503753662
741	1	7	1	on	0.0316	3.293220188870837	8.078216552734375
742	1	7	2	viinin	7.59e-06	10.556868067650049	13.045650959014893
743	1	7	3	aistinvaraista	2.09e-08	37.27553908357004	23.27340292930603
744	1	7	4	tarkastelua	3.63e-06	12.495960897136335	9.760434329509735
745	1	7	5	ja	0.0363	2.8829546242019757	3.2043700218200684
746	1	7	6	arviointia.	3.31e-06	9.312762123620868	11.504739627242088
747	2	7	0	Käytäntönä	7.59e-07	22.60217498422996	18.048330187797546
748	2	7	1	viininmaistelu	2.29e-08	29.611354131399445	29.438705444335938
749	2	7	2	on	0.0316	1.8410476847913009	5.926702499389648
750	2	7	3	yhtä	0.000457	8.67759880660989	10.759284257888794
751	2	7	4	ikivanha	2.82e-06	18.565792119780053	10.302271604537964
752	2	7	5	kuin	0.00355	0.8879639963926694	3.712249517440796
753	2	7	6	itse	0.00102	7.746081553420085	8.994319915771484
754	2	7	7	viinin	7.59e-06	4.271513240235382	8.335538625717163
755	2	7	8	valmistus,	1.86e-05	4.81794983460949	10.30389678478241
756	2	7	9	mutta	0.00575	2.0632095899383716	4.872156143188477
757	2	7	10	hiljalleen	1.78e-05	15.99694912976079	11.893194920849055
758	2	7	11	myöhemmästä	4.27e-07	21.703374344740183	12.461088359355927
759	2	7	12	keskiajasta	1.78e-07	6.457899192015449	8.107408866286278
760	2	7	13	lähtien	0.000141	0.7248958324758111	3.280289888381958
761	2	7	14	on	0.0316	6.011282899601953	6.512659072875977
762	2	7	15	muodostunut	1.26e-05	6.875620644053535	7.47806578874588
763	2	7	16	virallinen	4.68e-05	11.267441150291774	10.697628498077393
764	2	7	17	menetelmä.	1.2e-05	9.116973905035747	10.721024230122566
765	3	7	0	Modernit,	3.31e-06	18.495794407913976	17.293277740478516
766	3	7	1	ammattiviininmaistajat	0.0	57.684305846041426	37.53043055534363
767	3	7	2	käyttävät	6.17e-05	11.776396971144026	6.759218096733093
768	3	7	3	jatkuvasti	0.000112	10.258475745496652	10.539165049791336
769	3	7	4	kehittyvää	3.98e-07	15.529693543278707	15.754773139953613
770	3	7	5	erityissanastoa,	1.26e-08	35.953085388844755	22.1598904132843
771	3	7	6	jolla	0.000302	4.882325354458317	5.134406089782715
772	3	7	7	kuvaillaan	3.31e-06	13.656640329469374	8.422154188156128
773	3	7	8	viinissä	7.41e-07	11.518341037631654	16.228429794311523
774	3	7	9	havaittujen	8.91e-07	13.866743741529003	9.962791323661804
775	3	7	10	makujen,	1.02e-06	14.376523010155958	18.22288417816162
776	3	7	11	tuoksujen	2.95e-07	4.446824292989734	7.861272782087326
777	3	7	12	ja	0.0363	0.3980957185045842	1.248786211013794
778	3	7	13	yleisten	4.68e-06	14.703232940859658	8.902586936950684
779	3	7	14	ominaisuuksien	6.31e-06	3.140879358525647	7.0433581015095115
780	3	7	15	kirjoa.	7.76e-07	15.326222918579777	14.158036947250366
781	4	7	0	Viime	0.00055	11.654600438635335	9.101898193359375
782	4	7	1	vuosien	0.000126	7.419278694836278	7.759119510650635
783	4	7	2	aikana	0.000794	1.5199594172277777	6.662076950073242
784	4	7	3	on	0.0316	3.8694721693026937	9.828714370727539
785	4	7	4	tullut	0.000407	3.3216746606302894	7.250983936712146
786	4	7	5	esiin	0.000138	4.60042025055588	8.831144452095032
787	4	7	6	tutkimustuloksia,	3.8e-06	12.51632027730934	14.108665272593498
788	4	7	7	jotka	0.00117	2.6104869476021473	2.20068359375
789	4	7	8	haastavat	3.8e-06	14.914418913500917	6.467823505401611
790	4	7	9	sekä	0.00162	8.232801583057839	8.595848083496094
791	4	7	10	ammattilaisten	1.12e-05	11.02181149605944	13.90425717830658
792	4	7	11	että	0.00977	0.16936294265261587	1.1135112047195435
793	4	7	12	kuluttajien	1.26e-05	7.643903875338564	7.5047768875956535
794	4	7	13	viininmaistamisen	0.0	32.37738089147432	25.02063822746277
795	4	7	14	luotettavuuden.	1.95e-06	16.62910723056298	17.9993888810277
796	5	7	0	Tutkimusten	2.29e-05	19.648821918611688	18.38684630393982
797	5	7	1	mukaan	0.00158	0.5933229354654665	2.9888789653778076
798	5	7	2	ihmiset	0.000457	7.5684454535803845	12.719830513000488
799	5	7	3	odottavat	2.63e-05	9.547436754223831	6.509922929108143
800	5	7	4	kalliimman	1.02e-06	16.80827353127478	13.562516450881958
801	5	7	5	viinin	7.59e-06	12.816379335809202	11.774512767791748
802	5	7	6	omaavan	1.95e-06	16.567947909095512	16.493943214416504
803	5	7	7	edullisempaa	2.82e-06	15.756027838785831	16.27837073802948
804	5	7	8	viiniä	2e-05	6.1864577088817985	10.441441357135773
805	5	7	9	houkuttelevammat	0.0	22.020484978690067	16.02233135700226
806	5	7	10	ominaisuudet:	2.75e-05	12.491608317348334	11.802219029515982
807	5	7	11	kun	0.00513	10.095226205595079	8.427233695983887
808	5	7	12	maistajille	0.0	24.54279817398853	18.61833906173706
809	5	7	13	annetaan	7.76e-05	2.3956642886409143	6.169861614704132
810	5	7	14	viiniä,	2e-05	5.364002771665665	17.744926929473877
811	5	7	15	jonka	0.000955	9.302377301519998	5.237860202789307
812	5	7	16	virheellisesti	9.33e-06	18.600911465184865	18.494394540786743
813	5	7	17	kerrotaan	6.03e-05	9.34341820147971	9.418714759871364
814	5	7	18	olevan	0.000525	0.5800947130285344	3.2830638885498047
815	5	7	19	kallista,	2.82e-05	8.69936913813618	11.125323295593262
816	5	7	20	he	0.000813	1.3525688028158496	5.543820381164551
817	5	7	21	lähes	0.000398	12.442667072313366	7.151054382324219
818	5	7	22	aina	0.00138	3.2489044583780275	6.91839599609375
819	5	7	23	raportoivat	2.09e-06	10.750543012744528	12.250121053308249
820	5	7	24	sen	0.00372	3.439294699905954	6.925280570983887
821	5	7	25	maistuvan	1.1e-06	11.176082363953437	13.136455059051514
822	5	7	26	paremmalta	1.82e-05	6.181951146007314	8.407201281748712
823	5	7	27	kuin	0.00355	2.1224576694728605	3.2594969272613525
824	5	7	28	sama	0.00038	9.544235079205908	7.308315277099609
825	5	7	29	viini	1.32e-05	0.5707379805339576	3.14123597741127
826	5	7	30	silloin,	0.00049	12.166896084337917	13.343225315213203
827	5	7	31	kun	0.00513	0.07024116384699343	0.4265291690826416
828	5	7	32	sen	0.00372	4.635819514300776	5.842316627502441
829	5	7	33	kerrotaan	6.03e-05	3.405418103152022	7.161379812285304
830	5	7	34	olevan	0.000525	0.6845553381381373	3.365886926651001
831	5	7	35	edullista.	8.71e-06	8.939535117975177	4.552269279956818
832	6	7	0	Toiset	7.59e-05	17.400065714268678	15.366026878356934
833	6	7	1	tutkimukset	2.4e-05	10.014098218799075	11.104583621025085
834	6	7	2	osoittavat,	1.86e-05	2.404496128099381	8.378370277583599
835	6	7	3	että	0.00977	0.057278705237754225	0.3030007779598236
836	6	7	4	maistajien	0.0	22.791609093011733	23.781710386276245
837	6	7	5	arviointiin	6.03e-06	14.821142679822684	13.146646082401276
838	6	7	6	saattaa	0.000288	9.104141096776843	8.107048988342285
839	6	7	7	vaikuttaa	0.000275	1.2170961739697723	4.023396477103233
840	6	7	8	viineistä	1.05e-06	22.49954592348189	15.320466756820679
841	6	7	9	saadut	7.94e-06	6.107519763847044	10.687557756900787
842	6	7	10	lisätiedot,	3.8e-06	17.63453306241503	19.886427412740886
843	6	7	11	kuten	0.000933	2.2426091767214733	6.393998146057129
844	6	7	12	maantieteellinen	2.34e-06	15.796930158096213	13.787157118320465
845	6	7	13	alkuperä,	7.76e-06	12.293175148844428	3.755668193101883
846	6	7	14	maine	2.34e-05	7.784775499344747	12.890815258026123
847	6	7	15	tai	0.00355	4.301212684584502	4.528818607330322
848	6	7	16	muut	0.00038	7.366626237705384	8.311656951904297
849	6	7	17	seikat.	7.08e-06	7.784630557705404	10.02265352010727
850	7	7	0	Objektiivinen	2.51e-06	17.914864380134386	19.977394580841064
851	7	7	1	viininmaistelu	2.29e-08	27.3211699131107	27.95316243171692
852	7	7	2	vaatii	0.000182	8.188225783207974	8.251015365123749
853	7	7	3	siis	0.00105	8.608143793846468	10.44591736793518
854	7	7	4	viinin	7.59e-06	8.529816575116588	10.793570280075073
855	7	7	5	tarjoiltavan	1.32e-08	17.4721895914832	15.174046456813812
856	7	7	6	sokkona,	2e-06	24.156539457098308	22.931811571121216
857	7	7	7	eli	0.00112	6.647858079799852	7.934391021728516
858	7	7	8	maistajan	2.63e-08	10.9175033996166	17.308470249176025
859	7	7	9	näkemättä	8.51e-06	17.693192379671526	14.411153197288513
860	7	7	10	etikettiä	6.17e-07	20.284705128914197	18.291634798049927
861	7	7	11	tai	0.00355	4.270987265634782	3.990360975265503
862	7	7	12	pullon	1.17e-05	12.989336392454764	11.866556644439697
863	7	7	13	muotoa.	1.32e-05	8.100866366797232	11.595736026763916
864	8	7	0	Sokkomaistelussa	0.0	49.34855280129718	34.087337493896484
865	8	7	1	voidaan	0.00049	7.089557820421867	9.18349552154541
866	8	7	2	myös	0.00447	6.030745501497537	5.657978057861328
867	8	7	3	viinin	7.59e-06	23.463613168070964	7.849239230155945
868	8	7	4	värin	9.33e-06	9.69252915618799	13.318312168121338
869	8	7	5	peittämiseksi	2.45e-07	13.282498452268179	16.095772564411163
870	8	7	6	käyttää	0.000427	2.1235739216835525	7.182982921600342
871	8	7	7	mustia	2e-05	7.778560992144549	12.016571760177612
872	8	7	8	viinilaseja	1.35e-07	17.04911901956376	19.9023248963058
873	8	7	9	tarjoilussa.	6.46e-08	25.19850684901465	18.79429578781128
874	1	8	0	Appelsiinimehu	3.63e-07	35.5248823996351	29.34105396270752
875	1	8	1	on	0.0316	3.4397011053114293	7.8089189529418945
876	1	8	2	tuoreista	1.41e-06	14.41155231887775	18.80683970451355
877	1	8	3	appelsiineista	1.32e-07	7.726865796330763	9.750228598713875
878	1	8	4	puristamalla	6.17e-07	21.175533593606907	9.458130836486816
879	1	8	5	tehty	0.000282	4.8477129911368	7.3555908203125
880	1	8	6	mehu,	4.27e-06	8.098917419505774	11.70457398891449
881	1	8	7	jota	0.000457	2.749570589787462	2.5350115299224854
882	1	8	8	nautitaan	6.92e-06	7.058762560353213	4.876540794968605
883	1	8	9	eri	0.000832	10.149082194348516	7.3665289878845215
884	1	8	10	puolilla	2.29e-05	4.350930145392363	6.831634819507599
885	1	8	11	maailmaa.	8.71e-05	1.2616770772789292	4.755491838790476
886	2	8	0	Teollisesti	1.23e-06	19.26816481096111	17.23106622695923
887	2	8	1	valmistettu	2.63e-05	6.219614755139933	11.195282697677612
888	2	8	2	mehu	4.27e-06	13.697325695636076	13.089018821716309
889	2	8	3	tehdään	0.000275	10.330160856335077	6.847453415393829
890	2	8	4	pastöroimalla	0.0	15.48486193366502	14.859455794095993
891	2	8	5	ja	0.0363	4.35390586499488	8.106589317321777
892	2	8	6	hapen	3.39e-06	14.292486776623281	12.637761116027832
893	2	8	7	poistolla,	2.57e-07	17.4312899055922	18.149382948875427
894	2	8	8	mikä	0.00123	6.381109893500459	6.845677375793457
895	2	8	9	johtaa	0.000162	6.531331416464775	6.6930506229400635
896	2	8	10	luonnollisen	6.76e-06	9.96504284308444	11.976383805274963
897	2	8	11	maun	1.26e-05	6.423330616450896	10.407883882522583
898	2	8	12	häviämiseen,	3.02e-07	19.021831223322888	10.986984074115753
899	2	8	13	ja	0.0363	3.796373892141772	7.328588008880615
900	2	8	14	vasta	0.000417	9.870201795375827	7.697298049926758
901	2	8	15	myöhemmässä	2.45e-06	14.904672610003406	10.450947403907776
902	2	8	16	vaiheessa	0.000178	0.043201745126713986	0.4098224639892578
903	2	8	17	mehuun	2.14e-07	11.129383638619117	16.183265447616577
904	2	8	18	lisätään	3.02e-05	1.6094473937702558	5.005596619099379
905	2	8	19	makua	1.78e-05	10.621543927559255	13.32528305053711
906	2	8	20	keinotekoisesti.	3.24e-06	19.455749095568507	11.991840541362762
907	3	8	0	Pitkään	0.000219	10.282474752652925	14.610708236694336
908	3	8	1	hyllyssä	4.47e-06	17.76337662180474	23.919711351394653
909	3	8	2	seisova	2.09e-06	11.067774355871352	10.844188213348389
910	3	8	3	appelsiinimehu	3.63e-07	20.178046748997723	21.946637511253357
911	3	8	4	on	0.0316	2.1379820932477105	6.788106918334961
912	3	8	5	usein	0.000537	8.06550302875647	8.637886047363281
913	3	8	6	valmistettu	2.63e-05	9.848967568194617	11.112875699996948
914	3	8	7	pakastetusta	4.47e-08	15.195392287964928	17.774044275283813
915	3	8	8	mehutiivisteestä,	0.0	26.59790564016018	14.113646984100342
916	3	8	9	johon	0.000214	4.83685325472059	4.672111988067627
917	3	8	10	on	0.0316	1.945198803072274	6.279910087585449
918	3	8	11	lisätty	2.29e-05	1.7969644648997596	6.510717883706093
919	3	8	12	alkuperäistä	1.32e-05	13.952145649326381	13.66376519203186
920	3	8	13	mehua	7.24e-06	4.725514567044808	9.476311683654785
921	3	8	14	vastaava	6.46e-05	14.175009056954213	7.319545745849609
922	3	8	15	määrä	0.000288	3.549849587400751	6.3437933921813965
923	3	8	16	vettä.	0.000132	6.646756972265788	7.486892942339182
924	4	8	0	Haihduttamalla	4.37e-08	34.1776225706687	30.485089778900146
925	4	8	1	mehusta	3.02e-07	18.158606413988245	20.56897783279419
926	4	8	2	vettä	0.000132	8.459030967142194	8.14225772768259
927	4	8	3	valmistetaan	2.14e-05	9.568893954209512	11.00948691368103
928	4	8	4	siis	0.00105	10.09875926325317	13.689463138580322
929	4	8	5	mehutiivistettä,	3.16e-08	26.93268049962359	24.087394282221794
930	4	8	6	jota	0.000457	2.277091182949338	2.7202086448669434
931	4	8	7	voidaan	0.00049	3.148243239487172	4.402618408203125
932	4	8	8	myöhemmin	0.000339	11.465352419677652	3.2958054542541504
933	4	8	9	laimentaa.	7.24e-07	16.650253824182805	15.881096482276917
934	5	8	0	Kun	0.00513	0.0	0.0
935	5	8	1	mehua	7.24e-06	25.564618627510182	14.15871810913086
936	5	8	2	valmistetaan	2.14e-05	8.094940956081736	10.771249532699585
937	5	8	3	tiivisteestä,	4.68e-08	15.188388145720118	24.364997386932373
938	5	8	4	siihen	0.000851	12.573384603288616	3.6308155059814453
939	5	8	5	lisätään	3.02e-05	3.6641302161497373	6.882086053490639
940	5	8	6	vettä,	0.000132	6.648399730309205	11.42376721277833
941	5	8	7	sokeria	2.4e-05	4.858935268212119	7.679984033107758
942	5	8	8	ja	0.0363	0.9846836407822177	1.6561611890792847
943	5	8	9	tarvittavia	6.03e-06	17.706530108010337	9.230370998382568
944	5	8	10	lisäaineita.	1.78e-06	3.7111948688922	8.642313681542873
945	6	8	0	Näin	0.0011	13.354272531145899	14.980512142181396
946	6	8	1	aikaansaatu	4.68e-07	18.89594001342517	22.600666046142578
947	6	8	2	mehu	4.27e-06	14.900684995105554	15.159765243530273
948	6	8	3	pastöroidaan,	2.4e-08	23.797277899525742	24.046955943107605
949	6	8	4	jäähdytetään	5.5e-07	6.946398062577677	8.19407720118761
950	6	8	5	ja	0.0363	0.3928542751313865	1.9274616241455078
951	6	8	6	pakataan	2.88e-06	5.053678217387135	8.92118752002716
952	6	8	7	esimerkiksi	0.000794	9.342973279526564	8.553441047668457
953	6	8	8	kartonkipakkauksiin.	0.0	19.1218012864597	24.53093091957271
954	7	8	0	Vaikka	0.00126	5.749079402276555	10.44629955291748
955	7	8	1	appelsiinimehussa	0.0	33.490562741990225	31.86290168762207
956	7	8	2	onkin	0.000245	5.4737020858484975	11.21275806427002
957	7	8	3	reilusti	3.63e-05	10.590705518514438	13.128623962402344
958	7	8	4	C-	0.000182	8.95597245199366	9.222395181655884
959	7	8	5	vitamiinia,	7.24e-06	9.581484649337488	1.8134308978915215
960	7	8	6	teollisesti	1.23e-06	19.389465454712507	14.481606721878052
961	7	8	7	valmistettua	3.47e-06	6.397983756747551	5.586648464202881
962	7	8	8	mehua	7.24e-06	5.169650124169974	7.719949722290039
963	7	8	9	voi	0.00389	4.626505144611285	5.375840187072754
964	7	8	10	sokeripitoisuutensa	0.0	21.386785889597103	22.310149237513542
965	7	8	11	puolesta	0.000229	5.145673782426154	3.0315544605255127
966	7	8	12	verrata	1.86e-05	8.576285647271925	6.315816521644592
967	7	8	13	limsoihin.	0.0	23.2686644129024	18.082736015319824
968	8	8	0	Ravintoammattilaiset	0.0	41.135456476057215	34.03010153770447
969	8	8	1	suosittelevatkin	5.37e-08	21.20711811058524	18.40521425032057
970	8	8	2	mehujen	2.14e-07	17.89267549052088	17.782246112823486
971	8	8	3	juomisen	3.55e-06	12.061711883922303	11.787048637866974
972	8	8	4	sijaan	0.000282	6.316729170416808	8.861093759536743
973	8	8	5	tuoreiden	1.32e-06	11.897253796791528	14.005759716033936
974	8	8	6	hedelmien	3.72e-06	3.4899198807521543	6.604645550251007
975	8	8	7	syömistä.	5.25e-06	6.606497394857615	9.966352343559265
976	1	9	0	Mehiläishoito	3.47e-08	30.14910611918769	19.375678062438965
977	1	9	1	tarkoittaa	0.000282	8.757063465210956	7.40411901473999
978	1	9	2	mehiläisten	1.45e-06	14.44942463540029	15.956934452056885
979	1	9	3	kasvatusta	3.8e-06	6.508298489187645	7.729611188173294
980	1	9	4	ja	0.0363	1.7997001742998666	5.12395715713501
981	1	9	5	hoitoa	3.39e-05	2.080300377029233	7.754506826400757
982	1	9	6	hunajan	1.26e-06	15.790779133323884	7.372099757194519
983	1	9	7	ja	0.0363	3.635058643633339	7.389587879180908
984	1	9	8	mehiläisvahan	3.98e-08	20.90506607400662	20.542466521263123
985	1	9	9	keräämiseksi.	4.79e-07	14.476105035412063	15.165973544120789
986	2	9	0	Jotkut	0.000141	14.255229042016504	17.50541400909424
987	2	9	1	myös	0.00447	8.490622808404009	8.970121383666992
988	2	9	2	hyödyntävät	4.07e-06	9.801309092561919	12.951163500547409
989	2	9	3	mehiläisiä	9.55e-07	18.3672428914729	19.399421215057373
990	2	9	4	sadon	3.98e-06	12.963189443892693	11.729049444198608
991	2	9	5	pölytyksessä	1.29e-08	28.800887466196283	13.559844493865967
992	2	9	6	sekä	0.00162	8.296092308875874	4.676105976104736
993	2	9	7	kasvattavat	5.13e-06	11.68886736349113	16.542640924453735
994	2	9	8	niitä	0.000724	4.364526196575956	8.063940048217773
995	2	9	9	myydäkseen	4.9e-07	17.288125190216213	15.912355498876423
996	2	9	10	toisille	1.35e-05	11.418580219030341	9.206474900245667
997	2	9	11	mehiläistarhaajille.	0.0	22.362190974672092	26.010489344596863
998	3	9	0	Mehiläisten	1.45e-06	22.18667703261703	8.948549509048462
999	3	9	1	hyödyntämistä	3.55e-06	18.225777075207365	21.32362049818039
1000	3	9	2	kuvaavia	1.26e-06	15.138401139458274	12.217067241668701
1001	3	9	3	luolamaalauksia	1.32e-07	23.946760171810425	20.462115991860628
1002	3	9	4	on	0.0316	2.124338753250141	5.730503559112549
1003	3	9	5	löydetty	2.82e-05	4.6188013293978205	8.077935665845871
1004	3	9	6	tuhansien	2.24e-05	13.301276060583827	10.474337816238403
1005	3	9	7	vuosien	0.000126	0.16412002014945035	1.1391092538833618
1006	3	9	8	takaa.	0.000135	3.4625436755774888	7.407561734318733
1007	4	9	0	Egyptissä	4.79e-06	26.899438945293284	17.407416343688965
1008	4	9	1	mehiläishoito	3.47e-08	27.582372201612706	20.9587539434433
1009	4	9	2	tunnettiin	7.76e-06	14.558036573948119	5.528307676315308
1010	4	9	3	jo	0.00251	1.4964971669011602	6.097250461578369
1011	4	9	4	varhain	1.58e-05	6.51178839861616	8.7354097366333
1012	4	9	5	ja	0.0363	4.130559214178479	3.691434621810913
1013	4	9	6	useiden	3.02e-05	11.7722352560417	10.846461534500122
1014	4	9	7	faaraoiden,	3.16e-07	20.912220019179408	14.393466547131538
1015	4	9	8	esimerkiksi	0.000794	4.683560046803981	4.874218940734863
1016	4	9	9	Tutankhamonin,	1.26e-07	5.5813204426401395	12.659869730472565
1017	4	9	10	haudoista	6.61e-07	12.391312826563738	12.071187019348145
1018	4	9	11	on	0.0316	3.0113390605710384	5.0326409339904785
1019	4	9	12	löydetty	2.82e-05	0.5559748485553963	2.520610325038433
1020	4	9	13	sinetöityjä	2.63e-08	16.092590925738524	19.951324582099915
1021	4	9	14	hunaja-	2.19e-06	13.542820318852115	12.522759199142456
1022	4	9	15	astioita.	3.89e-06	17.047604772232084	8.652253150939941
1023	5	9	0	Aluksi	9.33e-05	14.72488886837476	9.507762908935547
1024	5	9	1	hunajaa	6.31e-06	16.990844083226538	17.500438928604126
1025	5	9	2	kerättiin	6.61e-06	11.383346348142048	13.144692063331604
1026	5	9	3	villimehiläisten	1.26e-08	26.319627713011826	23.426372289657593
1027	5	9	4	pesistä,	5.62e-07	13.242804242506228	17.168224811553955
1028	5	9	5	mutta	0.00575	1.4912078273872496	4.864604949951172
1029	5	9	6	myöhemmin	0.000339	3.263826947557091	7.424352645874023
1030	5	9	7	opittiin	2.29e-06	12.74588998658518	10.389233827590942
1031	5	9	8	rakentamaan	2.29e-05	9.842537799723605	7.726968094706535
1032	5	9	9	keinotekoisia	2.24e-06	11.735067293472781	13.743180319666862
1033	5	9	10	mehiläispesiä	5.37e-08	17.742011658398315	18.515290692448616
1034	5	9	11	mm.	0.000708	12.106181588422569	4.3884835839271545
1035	6	9	0	ontoista	4.37e-08	11.815134794056634	10.5206880569458
1036	6	9	1	puunrungoista,	2.14e-08	26.227538901987423	32.02751725912094
1037	6	9	2	oljesta	1.48e-07	19.000459364413288	16.288930892944336
1038	6	9	3	ja	0.0363	0.8424007956753302	1.9813340902328491
1039	6	9	4	saviruukuista	0.0	26.37782387470674	13.382978975772858
1040	6	9	5	Nykyisin	8.91e-05	19.673351697828597	8.652894973754883
1041	6	9	6	mehiläisille	2.19e-07	23.727287252395907	18.9401673078537
1042	6	9	7	rakennetaan	3.55e-05	8.720232444096153	7.82823383808136
1043	6	9	8	irtokehäisiä	0.0	30.51819236015953	27.785366773605347
1044	6	9	9	pesiä,	1.15e-06	16.14989099417113	15.593415200710297
1045	6	9	10	joissa	0.000288	2.851406429510699	4.988404750823975
1046	6	9	11	vahakakut	0.0	35.371806877144564	21.088301420211792
1047	6	9	12	riippuvat	4.79e-06	14.143870401440116	6.513951539993286
1048	6	9	13	irrallaan	2.95e-06	12.68512039365604	13.884212017059326
1049	6	9	14	tukien	1e-05	15.344605375598231	12.265851020812988
1050	6	9	15	varassa.	2.51e-05	10.437116966621671	15.998958110809326
1051	7	9	0	Mehiläispesät	2.95e-08	33.73033665938725	18.84318470954895
1052	7	9	1	koostuvat	6.03e-06	11.973448745287667	9.710208296775818
1053	7	9	2	osastoista,	3.63e-07	16.867740037924506	19.851994037628174
1054	7	9	3	jotka	0.00117	1.8318814117769846	4.5836639404296875
1055	7	9	4	on	0.0316	4.642747091629504	6.666445732116699
1056	7	9	5	asetettu	1.41e-05	6.202365081811114	8.506145492196083
1057	7	9	6	päällekkäin	6.46e-06	9.054555361320011	14.44636583328247
1058	7	9	7	torniksi.	5.37e-08	20.71373120879835	14.662920713424683
1059	8	9	0	Mehiläisten	1.45e-06	22.18667703261703	8.948549509048462
1060	8	9	1	hoidossa	2.34e-05	12.024568168296534	14.270351886749268
1061	8	9	2	käytetään	0.000174	5.494582143715318	7.494956016540527
1062	8	9	3	suojavarusteita,	5.89e-07	19.058420957482312	24.09202468395233
1063	8	9	4	jotka	0.00117	2.398766028357884	4.654778003692627
1064	8	9	5	suojaavat	3.55e-06	2.428731039629222	6.80172923207283
1065	8	9	6	mehiläisten	1.45e-06	13.349423720867279	15.568636417388916
1066	8	9	7	pistoilta.	1.74e-08	19.1224195731162	19.344356060028076
1067	9	9	0	Moni	0.000224	11.39004385784967	10.66326904296875
1068	9	9	1	tarhaaja	0.0	31.351878926693857	27.295852661132812
1069	9	9	2	tuntuu	0.000398	11.030728012579997	15.6170814037323
1070	9	9	3	kuitenkin	0.00126	8.190010352414326	7.888430595397949
1071	9	9	4	siedättyvän	0.0	22.97675016073068	16.58244228363037
1072	9	9	5	mehiläisiä	9.55e-07	23.920645872340835	17.634969234466553
1073	9	9	6	hoitaessaan,	5.62e-07	21.496606550022797	18.276307106018066
1074	9	9	7	eli	0.00112	7.755637907108747	5.547576904296875
1075	9	9	8	oireet	2.14e-05	15.025226619471336	14.4877347946167
1076	9	9	9	lievenevät,	5.37e-08	13.890104344919283	15.829002702143043
1077	9	9	10	kun	0.00513	2.7019416287184086	4.974443435668945
1078	9	9	11	pistoja	3.47e-07	19.81349724575304	20.88750982284546
1079	9	9	12	tulee	0.00151	4.2550530705005425	7.119051456451416
1080	9	9	13	jatkuvasti.	0.000112	7.615555287434886	10.884034365415573
1081	10	9	0	Tutkimusten	2.29e-05	19.648821918611688	18.38684630393982
1082	10	9	1	mukaan	0.00158	0.5933229354654665	2.9888789653778076
1083	10	9	2	tarhaajilla	0.0	31.39092267779443	22.24545979499817
1084	10	9	3	onkin	0.000245	8.256269830425861	10.909162044525146
1085	10	9	4	korkea	7.76e-05	10.193581959714582	10.462411642074585
1086	10	9	5	määrä	0.000288	5.428290632590786	7.94366455078125
1087	10	9	6	mehiläismyrkyn	0.0	31.610812174380154	24.05010175704956
1088	10	9	7	päävastageeniin	0.0	56.015634889099125	29.952429056167603
1089	10	9	8	reagoivia	1.02e-07	10.150202591999737	6.573349207639694
1090	10	9	9	vasta-	0.000417	7.706671182141893	9.339038133621216
1091	10	9	10	aineita.	3.16e-05	17.113733480780553	4.985183987766504
1092	11	9	0	Silti	0.000427	11.800577615576028	7.160179138183594
1093	11	9	1	tietysti	0.000204	16.526203132590375	15.383967563509941
1094	11	9	2	etenkin	0.000162	13.48561679348606	10.193586707115173
1095	11	9	3	vakavia	1.58e-05	15.55878478836553	12.984878778457642
1096	11	9	4	reaktiota	3.89e-06	15.617375191540862	10.621405869722366
1097	11	9	5	saaneiden	4.17e-06	11.29044007902433	14.214656352996826
1098	11	9	6	on	0.0316	7.443121659377761	8.567066192626953
1099	11	9	7	suojauduttava	4.17e-08	14.422508171885402	11.964472409337759
1100	11	9	8	pistoilta	1.74e-08	19.725219155379612	18.219576835632324
1101	11	9	9	mahdollisimman	0.000115	9.559054443275235	5.9177731573581696
1102	11	9	10	hyvin.	0.00148	5.054390041296003	8.971055030822754
1103	1	10	0	Kansallislippu	3.24e-08	29.342313151199843	31.633259296417236
1104	1	10	1	on	0.0316	2.736968689857243	7.781109809875488
1105	1	10	2	lippu,	3.02e-05	7.795947906097038	13.230438709259033
1106	1	10	3	joka	0.00309	1.0992819538877998	2.180947780609131
1107	1	10	4	edustaa	4.57e-05	6.570644485198684	6.154992716386914
1108	1	10	5	valtiota	1.2e-05	8.163752123063132	9.436107873916626
1109	1	10	6	tai	0.00355	2.58791334207347	4.095449924468994
1110	1	10	7	maata	8.91e-05	6.579398648785071	7.07758355140686
1111	1	10	8	ja	0.0363	3.0063484122573545	4.857170104980469
1112	1	10	9	toimii	0.000372	9.044773315690598	5.499438285827637
1113	1	10	10	sen	0.00372	6.709204760892286	7.900312423706055
1114	1	10	11	kansallissymbolina.	0.0	12.101910174941239	19.43565084040165
1115	2	10	0	Alun	7.59e-05	8.725547906523346	9.507762908935547
1116	2	10	1	perin	4.79e-05	8.488657886234149	2.443277597427368
1117	2	10	2	lippuja	1.66e-05	16.715017863952355	20.609596252441406
1118	2	10	3	käytettiin	3.24e-05	6.81581141950006	5.360948801040649
1119	2	10	4	merkkeinä	4.07e-07	18.601099232785625	15.265663862228394
1120	2	10	5	sotatantereella,	1.51e-07	28.78697902572161	22.36300653219223
1121	2	10	6	ja	0.0363	4.239898144059241	4.149295806884766
1122	2	10	7	vasta	0.000417	9.33489367335233	6.84641170501709
1123	2	10	8	1600-	1.32e-07	6.377118583591179	7.22017927467823
1124	2	10	9	luvulla	0.000174	10.75117380654295	3.3118009492754936
1125	2	10	10	niitä	0.000724	3.0820843941207725	7.521625518798828
1126	2	10	11	alettiin	2.14e-05	2.025352247223291	5.278087303042412
1127	2	10	12	käyttää	0.000427	0.7793914040387028	3.765594005584717
1128	2	10	13	sotatilanteiden	0.0	19.36784817100202	22.01386594772339
1129	2	10	14	ulkopuolella.	0.000102	7.15283610898413	11.182341665029526
1130	3	10	0	Kansa	6.76e-05	15.51443819733199	10.77442741394043
1131	3	10	1	omaksui	7.76e-07	18.279577371365622	17.643091678619385
1132	3	10	2	lippujen	7.94e-06	17.459039816136972	20.39249324798584
1133	3	10	3	käytön	5.75e-05	6.353624063591292	9.317077159881592
1134	3	10	4	Ranskan	6.92e-05	12.066340317732312	9.035409927368164
1135	3	10	5	vallankumouksen	9.33e-06	2.808874415255006	8.93075604736805
1136	3	10	6	myötä	0.000191	3.8604233553956164	3.7981314659118652
1137	3	10	7	1700-	2.22e-07	10.488106715117484	4.169347196817398
1138	3	10	8	luvulla.	0.000174	12.023473621382147	6.233498647809029
1139	4	10	0	Tällöin	0.000117	15.253936400209778	15.533238723874092
1140	4	10	1	syntyivät	7.24e-06	15.012358791871595	11.711395144462585
1141	4	10	2	kansallisliput	0.0	24.72216084402231	26.596136331558228
1142	4	10	3	ja	0.0363	2.7480263269214396	4.596279621124268
1143	4	10	4	lippujen	7.94e-06	11.376583948442983	15.509318113327026
1144	4	10	5	kuviointi	1.05e-06	10.35217700028409	17.156968116760254
1145	4	10	6	yksinkertaistui.	1.2e-08	13.685893913753885	17.01372742652893
1146	5	10	0	Kolme	0.000562	9.690127487222892	8.400087356567383
1147	5	10	1	neljäsosaa	1.95e-06	9.48241379998279	13.69353175163269
1148	5	10	2	nykyisistä	7.08e-06	11.65659794850876	12.988154172897339
1149	5	10	3	kansallislipuista	0.0	29.680753758234033	19.016263633966446
1150	5	10	4	on	0.0316	1.4548914092079952	5.7476301193237305
1151	5	10	5	toisen	0.000339	12.592827167222875	8.684736251831055
1152	5	10	6	maailmansodan	2.19e-05	0.050541850096297546	0.41122666001319885
1153	5	10	7	jälkeiseltä	3.89e-07	10.076122077632608	10.262168049812317
1154	5	10	8	ajalta	3.39e-05	0.4501335758831144	2.642296168487519
1155	5	10	9	ja	0.0363	4.574939978689311	4.548722267150879
1156	5	10	10	vain	0.00257	6.427689858957251	7.940138339996338
1157	5	10	11	12	0.00028	8.928831457203902	6.121213436126709
1158	5	10	12	valtiolla	5.75e-06	21.716326210658913	9.769114971160889
1159	5	10	13	on	0.0316	0.6516888172885112	3.187480926513672
1160	5	10	14	lippu,	3.02e-05	13.55911970724684	18.880033135414124
1161	5	10	15	joka	0.00309	1.2430987258950381	3.595808506011963
1162	5	10	16	on	0.0316	1.1085308268683864	4.859088897705078
1163	5	10	17	otettu	7.24e-05	6.4167522692500665	8.15345662087202
1164	5	10	18	käyttöön	0.000195	0.16573188648601545	1.407130241394043
1165	5	10	19	ennen	0.00117	6.324625238669582	7.189968585968018
1166	5	10	20	vuotta	0.000741	2.4905831792588904	5.758824348449707
1167	5	10	21	1800.	8.31e-07	8.029519703358462	7.851248741149902
1168	6	10	0	Vanhin	1.86e-05	19.251245563050194	17.42168951034546
1169	6	10	1	kansallislippu	3.24e-08	23.419096844132348	22.533375203609467
1170	6	10	2	on	0.0316	1.2362975868464448	5.3701324462890625
1171	6	10	3	Tanskalla,	2.88e-07	22.766352959036034	20.863063097000122
1172	6	10	4	joka	0.00309	1.6804947662434797	5.266201019287109
1173	6	10	5	on	0.0316	1.463622693929997	5.373703956604004
1174	6	10	6	1200-	1.17e-07	12.263474516250191	7.08436381816864
1175	6	10	7	luvulta.	3.98e-05	13.260911110252989	6.682954281568527
1176	7	10	0	Kansallisliput	0.0	29.733308959227017	32.933255195617676
1177	7	10	1	voivat	0.000302	8.58830063029956	8.424833297729492
1178	7	10	2	edelleen	0.000417	7.887781801371734	6.73570442199707
1179	7	10	3	muuttua	3.47e-05	8.001142261900176	7.941408321261406
1180	7	10	4	tai	0.00355	7.690980022867427	8.31329345703125
1181	7	10	5	vaihtua	3.24e-06	6.791105421704222	7.778338044881821
1182	7	10	6	historian	7.41e-05	12.35237930653215	7.29937744140625
1183	7	10	7	käänteissä.	2.34e-07	16.31745783158646	13.968507766723633
1184	8	10	0	Perustuslaissa	2.88e-06	23.49137208224932	13.503167748451233
1185	8	10	1	useimmiten	5.37e-05	19.048598457793734	13.119250535964966
1186	8	10	2	kuvaillaan	3.31e-06	12.300862346795467	10.87742805480957
1187	8	10	3	kansallislipun	2.19e-08	23.225115090259386	20.95509386062622
1188	8	10	4	ulkonäkö.	1.35e-05	19.857732911680877	13.630448393523693
1189	9	10	0	Liput	2.63e-05	7.9612827480367345	9.444747924804688
1190	9	10	1	ovat	0.00389	11.406703603686875	10.621016502380371
1191	9	10	2	lähes	0.000398	9.392711795273547	9.49077320098877
1192	9	10	3	aina	0.00138	3.4120388326412434	7.1272711753845215
1193	9	10	4	suorakaiteen	1.26e-06	13.334211952735917	14.66098439693451
1194	9	10	5	muotoisia,	2.14e-06	4.811013688772385	9.405749540776014
1195	9	10	6	toisin	0.000129	9.188893959208812	9.876412868499756
1196	9	10	7	kun	0.00513	11.965809912991926	0.9296426177024841
1197	9	10	8	niitä	0.000724	8.611247313326114	9.510845184326172
1198	9	10	9	edeltäneet	6.31e-07	12.275005428135714	15.493343114852905
1199	9	10	10	keskiajan	3.8e-06	13.612735658964132	14.82254433631897
1200	9	10	11	armeijoiden	5.75e-07	18.00666520375352	14.296229124069214
1201	9	10	12	liput,	2.63e-05	13.191487890998784	12.04622969031334
1202	9	10	13	jotka	0.00117	2.134578400536334	4.044859409332275
1203	9	10	14	olivat	0.000692	1.344769994845262	4.692641258239746
1204	9	10	15	muodoltaan	2.34e-06	6.0619736470194905	8.141247864346951
1205	9	10	16	vaihtelevampia.	3.16e-08	16.660466312092534	13.851676344871521
1206	10	10	0	Tänä	0.000263	15.930345700237742	10.341028213500977
1207	10	10	1	päivänä	0.0002	3.2384199903816397	3.2999126743525267
1208	10	10	2	ainoana	1.7e-05	13.370222881768887	12.522240161895752
1209	10	10	3	poikkeuksena	6.31e-06	9.421046525153617	12.725245237350464
1210	10	10	4	suorakulman	4.27e-08	30.997657284203918	14.340909600257874
1211	10	10	5	muotoisiin	8.91e-08	13.830724466304478	11.525710582733154
1212	10	10	6	lippuihin	3.89e-07	10.796046087771645	19.17000913619995
1213	10	10	7	on	0.0316	2.0094256197206803	5.952728748321533
1214	10	10	8	kahdesta	4.47e-05	16.333325985970497	12.171894788742065
1215	10	10	9	kolmiosta	3.39e-07	13.149969473304445	16.09614849090576
1216	10	10	10	muodostuva	1.23e-06	4.127103535098604	4.88114070892334
1217	10	10	11	Nepalin	1.55e-06	17.781220956114243	10.517693400382996
1218	10	10	12	lippu.	3.02e-05	4.257600464860443	10.16044120490551
1219	11	10	0	Sveitsin	1.66e-05	18.118543163513714	17.67368221282959
1220	11	10	1	sekä	0.00162	11.852462460737812	9.515151023864746
1221	11	10	2	Vatikaanin	3.02e-06	13.252731127908563	10.455528497695923
1222	11	10	3	liput	2.63e-05	13.581831545759643	11.13107943534851
1223	11	10	4	ovat	0.00389	4.259284866885621	7.432447910308838
1224	11	10	5	ainoita	6.76e-06	10.010997561126505	11.33117127418518
1225	11	10	6	neliön	7.76e-06	19.036255959494127	12.389135122299194
1226	11	10	7	muotoisia	2.14e-06	5.49964017904004	8.83507488667965
1227	11	10	8	lippuja.	1.66e-05	7.610576722021474	10.797967188060284
1228	12	10	0	Väreistä	2e-06	20.478936630241854	16.774731636047363
1229	12	10	1	suosituimpia	5.5e-06	14.636623912883048	14.524625062942505
1230	12	10	2	ovat	0.00389	0.6866123390495957	3.860076427459717
1231	12	10	3	valkoinen,	6.92e-05	7.375566624548868	14.254894733428955
1232	12	10	4	sininen,	3.63e-05	3.917181689902436	6.725982740521431
1233	12	10	5	punainen	6.61e-05	2.7835826624806	4.935303062200546
1234	12	10	6	ja	0.0363	1.1878185806817136	1.48707115650177
1235	12	10	7	vihreä.	4.37e-05	4.057720168055356	6.8495944663882256
1236	13	10	0	Joidenkin	4.68e-05	11.337469956496676	13.070974111557007
1237	13	10	1	maiden	7.59e-05	8.03889938877771	8.20970344543457
1238	13	10	2	lipuissa	2.24e-07	15.92017743659953	11.940491676330566
1239	13	10	3	on	0.0316	1.2608451807104961	5.713562965393066
1240	13	10	4	hyvinkin	4.9e-05	13.294662926182339	13.62677276134491
1241	13	10	5	samankaltaisia	8.51e-06	9.23495640942602	13.121734380722046
1242	13	10	6	värejä	1.26e-05	4.995577904864673	7.941512513905764
1243	13	10	7	ja	0.0363	3.5270014654141084	3.3748106956481934
1244	13	10	8	symboleja,	1.91e-06	11.532643140357214	11.12005028873682
1245	13	10	9	vaikka	0.00126	5.908643550670575	4.898314476013184
1246	13	10	10	lippujen	7.94e-06	11.735876064931487	14.002862453460693
1247	13	10	11	on	0.0316	7.953520748746805	7.545663356781006
1248	13	10	12	tarkoitus	0.000178	4.024678068176193	8.284797668457031
1249	13	10	13	olla	0.00275	1.7966681293456532	6.063681602478027
1250	13	10	14	ainutlaatuisia	2.04e-06	13.996393551909458	10.517061203252524
1251	13	10	15	kansallissymboleja.	0.0	23.28859694586788	18.516272246837616
1252	1	11	0	Kansainvälien	0.0	30.608452546950623	22.456392645835876
1253	1	11	1	luonnonsuojeluliitto	3.31e-06	12.71053283230951	17.319627278484404
1254	1	11	2	on	0.0316	4.447287754951001	5.021245002746582
1255	1	11	3	luonnonsuojelun	1.32e-06	10.775689549729794	14.682696998119354
1256	1	11	4	ja	0.0363	5.221608995138131	7.8019208908081055
1257	1	11	5	luonnonvarojen	5.25e-06	5.949639781223394	13.611705288290977
1258	1	11	6	kestävän	2.34e-05	7.505647355592479	9.263095736503601
1259	1	11	7	käytön	5.75e-05	2.856633165738062	3.7054365258663893
1260	1	11	8	aloilla	1.38e-05	15.341045273889282	8.800118923187256
1261	1	11	9	toimiva	7.41e-05	3.7100467329537032	8.592065691947937
1262	1	11	10	kansainvälinen	5.89e-05	1.0326555616392656	3.7291924372548237
1263	1	11	11	organisaatio.	1.86e-05	4.335806484030377	6.159036593395285
1264	2	11	0	Toimintaan	6.31e-05	20.274746068525932	13.503316640853882
1265	2	11	1	kuuluu	0.000347	4.14923219189476	6.677399158477783
1266	2	11	2	aineiston	5.89e-06	15.140894642484199	17.49957513809204
1267	2	11	3	keräämistä	2.24e-06	6.460923297501754	12.28432846069336
1268	2	11	4	ja	0.0363	1.5105142254673516	2.6569619178771973
1269	2	11	5	analysointia,	7.08e-07	5.201643762648572	11.72967179119587
1270	2	11	6	tutkimusta,	3.63e-05	8.370534465906655	14.930731534957886
1271	2	11	7	kenttäprojekteja,	0.0	24.251903161988185	18.006276711821556
1272	2	11	8	oikeusasioiden	2.19e-08	23.097815165714465	19.48498237133026
1273	2	11	9	ajamisesta	5.13e-06	21.81430268602969	7.829020738601685
1274	2	11	10	sekä	0.00162	2.94165428293264	4.441129207611084
1275	2	11	11	koulutusta.	3.55e-05	8.027582241247943	15.635180354118347
1276	3	11	0	Organisaation	1.62e-05	14.683010845886312	13.01234245300293
1277	3	11	1	tehtävä	0.000123	9.886310884962631	10.423009753227234
1278	3	11	2	on	0.0316	1.860548415625124	5.552830696105957
1279	3	11	3	”vaikuttaa,	0.000275	27.71158546893282	29.179061591625214
1280	3	11	4	rohkaista	3.55e-06	10.436712966300343	8.290456116199493
1281	3	11	5	ja	0.0363	0.4205964703807508	1.0409495830535889
1282	3	11	6	auttaa	0.000229	2.520178776865337	6.024457465857267
1283	3	11	7	yhteisöjä	3.89e-06	11.369141627069176	12.874627351760864
1284	3	11	8	kautta	0.000575	13.516813166813597	6.9188923835754395
1285	3	11	9	maailman	0.000398	3.869086212314049	7.243158340454102
1286	3	11	10	suojelemaan	6.46e-06	10.547696592891148	8.657839745283127
1287	3	11	11	luontoa	1.78e-05	6.180795480657119	7.961929649114609
1288	3	11	12	ja	0.0363	1.3748954084403606	3.671437978744507
1289	3	11	13	varmistaa	4.9e-05	10.58313905668144	9.548161059617996
1290	3	11	14	luonnonvarojen	5.25e-06	8.680685963648727	13.199363395571709
1291	3	11	15	käytön	5.75e-05	4.869062744077052	6.882018148899078
1292	3	11	16	olevan	0.000525	11.85301950105669	7.006348609924316
1293	3	11	17	kohtuullista	4.37e-06	9.189725858072084	10.94213354587555
1294	3	11	18	ja	0.0363	2.247963447516212	4.545675754547119
1295	3	11	19	ekologisesti	2.34e-06	7.701361025825074	8.613364025950432
1296	3	11	20	kestävää”.	1.2e-05	4.506257007790479	9.680862046778202
1297	4	11	0	Menneiden	4.07e-06	26.785525763079683	17.996641159057617
1298	4	11	1	vuosikymmenten	1.41e-05	15.117415896315826	14.378497503697872
1299	4	11	2	aikana	0.000794	1.7969676557450864	6.870209217071533
1300	4	11	3	organisaatio	1.86e-05	11.679762244869968	12.356371402740479
1301	4	11	4	on	0.0316	3.557177711544903	5.014129638671875
1302	4	11	5	laajentanut	1.7e-06	8.956080591646773	8.364147871732712
1303	4	11	6	toimintaansa	1.82e-05	2.8771232025406013	8.54405626654625
1304	4	11	7	keskittyen	1.17e-06	10.626372704681597	11.23534107208252
1305	4	11	8	projekteissaan	4.9e-08	25.7718139275078	10.190698996186256
1306	4	11	9	nykyään	0.000229	15.527717235648705	12.523471117019653
1307	4	11	10	suojeluekologian	0.0	41.18147198370363	18.09798288345337
1308	4	11	11	lisäksi	0.000912	6.393338834516669	4.5921831130981445
1309	4	11	12	myös	0.00447	1.3845479433620733	6.053088188171387
1310	4	11	13	kestävän	2.34e-05	9.999418501419921	15.08450436592102
1311	4	11	14	kehityksen	3.72e-05	0.22221217774349983	1.4565778309479356
1312	4	11	15	kysymyksiin.	3.39e-05	7.794428555128073	9.42653257632628
1313	5	11	0	Toisin	0.000129	18.379747391956016	10.341028213500977
1314	5	11	1	kuin	0.00355	0.22068992378585528	1.3061186075210571
1315	5	11	2	monet	0.000234	3.6822278956352665	8.916106224060059
1316	5	11	3	muut	0.00038	1.5725787057083407	6.652377128601074
1317	5	11	4	kansainväliset	1.62e-05	11.062823412824748	10.48113477230072
1318	5	11	5	ympäristöorganisaatiot,	0.0	18.56087316946289	17.087117215851322
1319	5	11	6	Kansainvälinen	5.89e-05	8.182398061504415	8.700605792924762
1320	5	11	7	luonnonsuojeluliitto	3.31e-06	1.8659151001848044	4.537898740905803
1321	5	11	8	ei	0.0145	2.707240966700304	5.2091755867004395
1322	5	11	9	tähtää	1e-05	11.890432817945047	7.325126681476831
1323	5	11	10	laittamaan	1.74e-05	15.529989748333648	14.720685958862305
1324	5	11	11	kansaa	2.14e-05	11.467636128138004	12.788832664489746
1325	5	11	12	liikkeelle	5.37e-05	10.514431802161377	11.289701104164124
1326	5	11	13	luonnonsuojelua	3.98e-07	9.281389740005434	14.955183282494545
1327	5	11	14	tukeakseen.	1.17e-06	13.990872465954363	16.10645341873169
1328	6	11	0	Sen	0.00372	0.0	0.0
1329	6	11	1	sijaan	0.000282	11.596202786425568	9.2002532184124
1330	6	11	2	se	0.00776	6.445751348158401	10.05176830291748
1331	6	11	3	yrittää	0.000209	11.60956290868961	11.401464402675629
1332	6	11	4	vaikuttaa	0.000275	6.891464951675418	8.524595484137535
1333	6	11	5	hallitusten,	6.46e-06	22.448210250255798	24.45400881767273
1334	6	11	6	yritysten	9.33e-05	5.541631051276335	8.01819945126772
1335	6	11	7	ja	0.0363	0.5229646334982748	1.7614794969558716
1336	6	11	8	sidosryhmien	1.82e-06	7.002606389116291	9.017209570854902
1337	6	11	9	tekoihin	6.76e-06	14.68235693892984	9.064755648374557
1338	6	11	10	tarjoamalla	5.62e-06	9.852519636317277	8.338380455970764
1339	6	11	11	heille	0.000117	7.282357084171892	8.476067900657654
1340	6	11	12	tietoa	0.000229	4.8855413648262465	8.28271371126175
1341	6	11	13	ja	0.0363	1.5698292522304498	5.340076923370361
1342	6	11	14	neuvoa,	1.66e-05	14.718443467385185	13.33827891945839
1343	6	11	15	sekä	0.00162	6.31325627311393	6.208451747894287
1344	6	11	16	rakentamalla	3.98e-06	8.618138414035018	9.41974413394928
1345	6	11	17	kumppanuuksia.	2.69e-07	11.21119526468507	15.372145220637321
1346	7	11	0	Parhaiten	8.71e-05	14.527118403502037	12.037675380706787
1347	7	11	1	organisaatio	1.86e-05	12.213773413803112	12.527279257774353
1348	7	11	2	tunnetaan	5.13e-05	10.445133075517058	5.452075481414795
1349	7	11	3	julkaisemastaan	6.03e-08	13.929738336244515	17.050797939300537
1350	7	11	4	”uhanalaisten	2.14e-06	37.401348583925696	27.795205116271973
1351	7	11	5	lajien	1.17e-05	9.076179574914576	12.952961444854736
1352	7	11	6	punaisesta	3.09e-06	15.799999476579144	14.058845400810242
1353	7	11	7	listasta”,	4.9e-06	4.252820285652264	9.340162754058838
1354	7	11	8	joka	0.00309	1.433156353752298	3.1865053176879883
1355	7	11	9	määrittää	2.09e-05	9.046780298592607	8.63376760482788
1356	7	11	10	maailman	0.000398	3.088902382188881	8.040834426879883
1357	7	11	11	lajien	1.17e-05	4.909001721538066	8.339207887649536
1358	7	11	12	suojelutilanteen.	0.0	23.420982446704276	24.2938814163208
1359	8	11	0	Tänä	0.000263	15.930345700237742	10.341028213500977
1360	8	11	1	päivänä	0.0002	3.2384199903816397	3.2999126743525267
1361	8	11	2	Kansainvälinen	5.89e-05	14.359407067087917	13.76437820494175
1362	8	11	3	luonnonsuojeluliitto	3.31e-06	8.549992311789726	10.510226207785308
1363	8	11	4	työllistää	1.78e-05	13.89970389966914	8.482017938047647
1364	8	11	5	noin	0.00107	2.747946752658132	6.955364227294922
1365	8	11	6	tuhat	3.98e-05	6.248256627588889	8.464392304420471
1366	8	11	7	kokopäiväistä	3.02e-07	11.91886807987876	10.345513746142387
1367	8	11	8	työntekijää	2.45e-05	2.3656125880321	5.689105270430446
1368	8	11	9	yli	0.000794	5.903864758756378	5.726929664611816
1369	8	11	10	50	7.28e-05	3.8055632449083534	6.217738151550293
1370	8	11	11	maassa.	0.000148	1.1493386900038445	5.1142116487026215
1371	1	12	0	Ajoneuvon	1.17e-05	30.55193347220875	28.713409900665283
1372	1	12	1	rekisterikilpi	6.31e-07	14.186764255275268	16.144047871232033
1373	1	12	2	on	0.0316	2.026892298737778	6.001243591308594
1374	1	12	3	metallinen	2.88e-06	10.382132569263774	11.294952630996704
1375	1	12	4	tai	0.00355	5.085203394322701	5.988452911376953
1376	1	12	5	muovinen	2.34e-06	2.089102989085182	7.949544340372086
1377	1	12	6	ajoneuvoon	1.23e-06	13.311822881893441	11.874907612800598
1378	1	12	7	kiinnitetty	1.07e-05	2.8721750741909275	6.526547908782959
1379	1	12	8	kilpi,	5.01e-06	10.922478366783697	10.498512148857117
1380	1	12	9	josta	0.000302	5.929265830782342	3.1861720085144043
1381	1	12	10	auto	0.000209	10.696473965373878	7.207984924316406
1382	1	12	11	virallisesti	3.98e-05	17.40952569720201	7.588752031326294
1383	1	12	12	tunnistetaan.	3.09e-06	8.391219487408499	11.670973986387253
1384	2	12	0	Kaikki	0.00209	5.607070252395841	8.66578197479248
1385	2	12	1	maat	5.5e-05	8.291565648048959	9.584938049316406
1386	2	12	2	vaativat	4.37e-05	12.867624425292528	11.891435794532299
1387	2	12	3	rekisterikilven	6.46e-07	20.584460017639202	19.33151549100876
1388	2	12	4	autojen,	5.75e-05	19.700681631050195	19.287816047668457
1389	2	12	5	rekkojen	1.66e-06	16.698468760476384	8.347981493920088
1390	2	12	6	ja	0.0363	0.7368816977358043	1.7943779230117798
1391	2	12	7	moottoripyörien	1.62e-06	5.307680690280679	11.28843623585999
1392	2	12	8	kaltaisille	1.26e-06	22.09866128161371	14.025494813919067
1393	2	12	9	tieajoneuvoille.	0.0	25.910267442343844	22.44123001396656
1394	3	12	0	Hallintoalueiden	2.57e-08	24.718273051634508	18.767853260040283
1395	3	12	1	mukaan	0.00158	7.906564703798086	8.406827926635742
1396	3	12	2	vaihtelee,	3.31e-05	24.612052352787714	21.236741542816162
1397	3	12	3	vaaditaanko	2e-07	18.877000323934507	8.57486218214035
1398	3	12	4	rekisterikilpeä	1.51e-07	22.31001803715835	22.957934141159058
1399	3	12	5	muille	8.13e-05	10.302240264817137	11.438167572021484
1400	3	12	6	ajoneuvoille,	4.07e-07	13.224849593484787	12.301926463842392
1401	3	12	7	kuten	0.000933	5.261949809479798	6.832477569580078
1402	3	12	8	polkupyörille,	8.91e-08	9.053278580217311	13.399879212491214
1403	3	12	9	veneille	2.75e-07	10.490578813100312	8.875050842761993
1404	3	12	10	tai	0.00355	1.5487764347119826	1.9696699380874634
1405	3	12	11	traktoreille.	4.79e-08	10.09332726138403	9.93195391073823
1406	4	12	0	Rekisteritunnus	5.5e-07	19.87978843691637	15.001497149467468
1407	4	12	1	on	0.0316	5.575428740121193	3.393864154815674
1408	4	12	2	sarja	8.91e-05	27.819110951919797	4.865712881088257
1409	4	12	3	kirjaimia	4.57e-06	9.484264553478026	10.089643716812134
1410	4	12	4	ja	0.0363	3.1466034392446094	3.6161916255950928
1411	4	12	5	numeroita,	1.15e-05	1.4749346383142803	7.273233890533447
1412	4	12	6	joiden	0.000282	2.7899146203807916	2.7856340408325195
1413	4	12	7	perusteella	0.000263	5.683191144495008	6.177791962400079
1414	4	12	8	tunnistetaan	3.09e-06	10.45848471053765	13.022386908531189
1415	4	12	9	ajoneuvon	1.17e-05	10.60393448791193	11.100151360034943
1416	4	12	10	omistaja	4.68e-05	1.91461486216175	6.09307587146759
1417	4	12	11	tunnuksen	5.62e-06	19.133258913285687	7.049595355987549
1418	4	12	12	antaneen	2.4e-06	14.612828479048066	12.210438251495361
1419	4	12	13	alueen	0.000141	12.182254637534411	6.174708366394043
1420	4	12	14	ajoneuvorekisteristä.	3.02e-08	13.390818383708005	15.75277731847018
1421	5	12	0	Joissakin	2.95e-05	15.586509643412997	13.262683868408203
1422	5	12	1	maissa	7.76e-05	3.548664462423157	7.884575933218002
1423	5	12	2	tunnukset	7.41e-06	15.72140842877168	13.439343929290771
1424	5	12	3	ovat	0.00389	2.2137806334525005	6.3098297119140625
1425	5	12	4	maan	0.000288	10.894201444658025	8.86337661743164
1426	5	12	5	sisällä	0.000186	5.8532042346144255	9.30453884601593
1427	5	12	6	ainutlaatuisia,	2.04e-06	17.798219066286507	13.858980119228363
1428	5	12	7	kun	0.00513	4.779754240835117	5.6550140380859375
1429	5	12	8	taas	0.000912	0.9833974155719345	5.023416519165039
1430	5	12	9	toisissa	6.46e-06	4.64483944363448	7.446357011795044
1431	5	12	10	osavaltion	1.51e-05	20.849356857219192	9.033629044890404
1432	5	12	11	tai	0.00355	6.36744425816187	6.350000858306885
1433	5	12	12	maakunnan	2.24e-05	3.4660679015594704	6.774931371212006
1434	5	12	13	sisäisiä.	6.92e-06	20.24641419192171	12.859817743301392
1435	6	12	0	Ranska	3.89e-05	16.13977231328072	10.27682113647461
1436	6	12	1	otti	0.000155	13.073545369932024	7.994370460510254
1437	6	12	2	ensimmäisenä	0.000107	7.612734573280876	16.33137845993042
1438	6	12	3	maana	6.31e-06	7.391269394262414	9.042036354541779
1439	6	12	4	rekisterikilvet	6.46e-07	25.58378460117416	18.127527117729187
1440	6	12	5	käyttöön	0.000195	5.0048453977406835	9.256036758422852
1441	6	12	6	1800-	8.31e-07	10.108796403011294	6.595531314611435
1442	6	12	7	luvun	0.000234	13.385109336636505	3.243583619594574
1443	6	12	8	loppupuolella.	1.62e-05	4.1904285995759905	8.024418443441391
1444	7	12	0	1900-	4.95e-06	3.9417781628014508	9.172957420349121
1445	7	12	1	luvun	0.000234	22.284995404248843	20.724353790283203
1446	7	12	2	alussa	0.000219	3.679776916331954	6.369757652282715
1447	7	12	3	kilvet	2.24e-06	21.912103343023126	11.838651657104492
1448	7	12	4	olivat	0.000692	2.6922980517788093	7.8404130935668945
1449	7	12	5	erikokoisia	1.38e-06	17.812466969087865	13.80137001723051
1450	7	12	6	ja	0.0363	1.3900312370850574	3.757737874984741
1451	7	12	7	-muotoisia	2.14e-06	15.495687268567242	18.74251175671816
1452	7	12	8	hallintoalueesta	1.38e-08	32.9661237558106	18.563555240631104
1453	7	12	9	riippuen,	5.62e-05	4.955009129560112	10.066068053245544
1454	7	12	10	eli	0.00112	7.768932814076725	5.817625045776367
1455	7	12	11	muuton	5.37e-06	21.630098095225105	13.190486907958984
1456	7	12	12	ohessa	2.57e-05	13.635371506376877	7.287090420722961
1457	7	12	13	autoon	3.89e-05	22.520360831104547	11.573228359222412
1458	7	12	14	piti	0.000324	7.0028113000140015	6.607149124145508
1459	7	12	15	porata	1.38e-06	13.220188152666104	10.986189603805542
1460	7	12	16	uudet	0.000141	8.885968311884811	11.27159333229065
1461	7	12	17	reiät	3.09e-06	10.450948655385755	7.212202712893486
1462	7	12	18	uutta	0.000302	15.823472869511837	6.68894624710083
1463	7	12	19	kilpeä	6.17e-07	10.877604580215227	12.55346953868866
1464	7	12	20	varten.	0.000269	1.784698310148368	6.21091628074646
1465	8	12	0	Kilpien	3.39e-07	15.351192751479157	18.31650733947754
1466	8	12	1	standardisointi	1.45e-07	23.12902024597966	18.539902448654175
1467	8	12	2	tuli	0.000912	10.54411219578124	7.747592449188232
1468	8	12	3	voimaan	5.37e-05	4.585268121865227	8.96904081106186
1469	8	12	4	50-	7.28e-05	13.912186839214039	10.262374639511108
1470	8	12	5	luvun	0.000234	12.093075078726905	3.2004744708538055
1471	8	12	6	lopulla,	5.37e-05	4.61545572801205	8.486629962921143
1472	8	12	7	kun	0.00513	2.1522003519212842	4.576959133148193
1473	8	12	8	autojen	5.75e-05	12.18821628321431	13.26252818107605
1474	8	12	9	valmistajat	7.76e-06	6.817748236078135	11.880460262298584
1475	8	12	10	pääsivät	2.4e-05	6.23622215023126	7.695988915860653
1476	8	12	11	sopimukseen	1.38e-05	8.306026611480732	10.766608715057373
1477	8	12	12	hallitusten	6.46e-06	16.306119725254838	14.180371761322021
1478	8	12	13	ja	0.0363	3.5060439198491595	3.0073742866516113
1479	8	12	14	kansainvälisten	1.45e-05	7.729813918543721	8.063056111335754
1480	8	12	15	organisaatioiden	5.62e-06	5.775617542367195	7.224068975541741
1481	8	12	16	kanssa.	0.00234	1.0813805556656302	5.1048495173454285
